Customer Number,Customer Name,Street Address,City/County,Phone Number,Sales Rep Number,Sales Rep Name,location
104002,Constant Farms Limited,Odogbolu Ijebu -Ode Ogun State,Ijebu- ode,8033017486,513,Godwin Esenyie,Ijebu- Ode
104003,Crownwealth Project Monatan,"NO 2, Agboola Street, Monatan Ibadan",Oyo State,8037127063,513,Godwin Esenyie,Ibadan / Oyo
104005,Akinyemi Farm,Felele Ibadan,Oyo State,8034707206,2000,Raji,Ibadan / Oyo
104010,Capital Feedmills,"NO4, End Close , Oluyole Industrial Estate",Oyo State,8073112434,2000,Raji,Ibadan / Oyo
104014,Akintunde Farm,"Aiyekun Oleyo, Oluyole Local Government",Oyo State,7086472565,2000,Raji,Ibadan / Oyo
104017,Aerobic Integrated concept,"KM135, Lagos - Ibadan Way Academy Hossana Opposite Psylim",Oyo State,8037037673,2000,Raji,Ibadan / Oyo
104018,Modupe Farm,"Plot 18, Futa North Gate Extension Akure Ondo State",Ondo State,8085967102,2000,Raji,Ondo State
104021,Topeck Farm,Apata,Ibadan,1111,2000,Raji,Ibadan / Oyo
104022,Adesola Farm,Apata-,Ibadan,1111,2000,Raji,Ibadan / Oyo
104023,Diamond Agro,"21, Agbaede Ogele , Delta State",Delta State,8033788611,2000,Raji,Delta State
104024,Omega Feedmill,"Oyo West Testing, Along Oyo- Iseyin Express Way Oyo Town",Oyo State,9084726581,509,Folorunso Mark Eniola,Ibadan / Oyo
104025,Adeosun Farm,"Omin-Adio, Apata, Ibadan",Oyo State,8162592956,2000,Raji,Ibadan / Oyo
104027,Ajibade Ventures,Ibadan,Ibadan,8033303289,501,Lateef,Ibadan / Oyo
104028,Best Catfish Farm,Omi - Adio Apata Ibadanl,Oyo State,8033681073,501,Lateef,Ibadan / Oyo
104029,Bamofot Farms,New Ife Road Egbeda Ibadan,Oyo State,8033740710,501,Lateef,Ibadan / Oyo
104031,F.A. Feeds,Ijebu,Ogun State,8033595545,501,Lateef,Ogun State
104032,Felimar Shop,"Bisrod Plaza Mulepa Express Way, Ijebu Ogun State",Ogun State,8036677903,501,Lateef,Ogun State
104034,IDIPR Farm,Aafin Awujale Estate Ijebu - Ode Ogun State,Ogun State,7055540581,501,Lateef,Ogun State
104035,Sheba Feedmills,Olugbode Bus Stop Odo - Ona Apata Ibadan,Oyo State,7042417004,501,Lateef,Ibadan / Oyo
104036,Rabiu Farms,OGBOGBO ERIGO VIA IJEBU ODE,OGUN STATE,877106251,501,Lateef,Ogun State
104037,Mrs. Odutola Farms,Beside Zenith Bank Chief Odutola Compound Ijebu - Ode,Ogun State,8034240167,501,Lateef,Ogun State
104038,Ola Feedmill,"Ibadan, Oyo State",Oyo State,8034240167,501,Lateef,Ibadan / Oyo
104039,Lawal Feedmills,Akure Ondo State,Ondo State,7083895018,501,Lateef,Ondo State
104042,M. Ojo Fish Farm,New Bodila Behind Rofel Hotel Ibadan,Oyo State,8034734764,501,Lateef,Ibadan / Oyo
104043,Phoemix Inv Ltd,Ikare Akoko Ondo State,Ondo State,8057454716,501,Lateef,Ondo State
104044,Vine Branch,"10, Mosafejo Along Sango- Eleyele Road Ibadan",Oyo State,8081060332,501,Lateef,Ibadan / Oyo
104049,Yinkadel Feedmills,"Opposite IDC Primary School,2nd GateOwode Apata, Ibadan.",Oyo State,803282271,501,Lateef,Ibadan / Oyo
104055,Kanmi Farms,Ade-Owe Igbesa road,Ogun State,80333029439,5,Peter,Ogun State
104058,Grace & Truth Feeds,"Sabo Market, Ikorodu",Lagos,8084334809,606,Oladeji Simon Olabisi,Lagos
104059,great solace venture,Opposite Abbatoir Agege Lagos Statel,Lagos State,8060476265,605,Dr. Abdulazeez Abiodun Oyetungi,Lagos
104061,Trends Feeds,"Plot 9, Par adise Street, Ikotun",Lagos,7070210254,6,Mr Dayo,Lagos
104062,Cornerstone Feeds - Fola Afe Agro,General Bus- Stop Abule Egba Lagos State,Lagos,8023771964,6,Mr Dayo,Lagos
104064,Quality Feeds,Abeokuta,Ogun State,834049406,503,Tope,Ogun State
104065,Livestock Specialties,Shagamu,Ogun State,8034466483,503,Tope,Ogun State
104066,Grace Vetrenary Services,Agbara,Ogun State,8037192479,503,Tope,Ogun State
104067,Bhorge Farm,Apete Sango Ibadan,Oyo State,8023515527,2000,Raji,Ibadan / Oyo
104068,Rich Foods Limited,Offa Owode- Egba Road Otun Village VIA Owode- Egba Ogun,Ogun State,8121116644,503,Tope,Ogun State
104073,Jiks Global Ventres,Agege,Lagos,8023058078,6,Mr Dayo,Lagos
104074,AMS - Top,Sango,Ota,8034067413,6,Mr Dayo,Ota
104081,"CapsFeeds, Ibadan","Alakia, Airport Road,Ibadan",Oyo State,8162661637,508,Mr.Adekunle Damilola,Ibadan / Oyo
104082,Karmadex Nig. Ltd.,"Oluyole Industrial Estate, Ibadan",Oyo State,8035835558,5,Peter,Ibadan / Oyo
104083,Fol-Hope Ltd.,"Alakia, Airport Road, Behind Caps Feed",Oyo State,8037243064,508,Mr.Adekunle Damilola,Ibadan / Oyo
104085,ECWA Farms Limited,"KM 2, Damangu Road Off Yelwa CWB Junction, Bukuru,",Jos,8033450059,418,Nancy Daniel,Jos / Plateau
104086,Sussex Farms Ltd.,Moniya,Ibadan,8068879799,5,Peter,Ibadan / Oyo
104087,Feedtech Nig. Ltd.,Kaduna GRA,Kaduna,7065065891,4,Stephen,Kaduna
104089,Dr. Fish,"Apata, Ibadan",Ibadan,8034098554,513,Godwin Esenyie,Ibadan / Oyo
104090,Dr. Ajayi - Deo Gratis,Abeokuta Ogun State,Ogun State,8184964005,2010,Dr Ajayi,Ogun State
104092,Grand Cereal,"Km 17, Zawan Roundabou, Jos Plateau State Nigeria",Jos,8033914844,4,Stephen,Jos / Plateau
104093,Tani Feeds,Ikotun Egbe Lagos State,Lagos State,8033926212,508,Mr.Adekunle Damilola,Lagos
104094,Timmy G Nig. Ent.,"Apata, Ibadan",Oyo State,8054900780,501,Lateef,Ibadan / Oyo
104095,Fidan Investment / Ibadan,"Ibadan, Oyo State",Oyo State,8056111176,5,Peter,Ibadan / Oyo
104097,Floshine Ventures,1 Nissar Quarters Apete Ibadan,Oyo State,8030408600,5,Peter,Ibadan / Oyo
104100,Bnotharel Ltd,Oluyole Industrial Estate,Ibadan,8032367681,5,Peter,Ibadan / Oyo
1041000,Ayo Rapheal Farms,"Imowo Town , Off Gbengbe Road Ikorodu Lagos",Lagos State,8033068507,508,Mr.Adekunle Damilola,Lagos
1041001,ZION G,Along Igo - Ora SapetarinRoad Eruwa Road Oyo State,Oyo State,7066346475,501,Lateef,Ibadan / Oyo
1041002,Hadiraf Farm,Hadiraf Mill Close Rigachukun Kaduna State,Kaduna State,7036579893,4,Stephen,Kaduna
1041003,Danchol Farms Enterprises,Abbl Delta State,Delta State,8030881801,311,Dr.Ogunwemimo Oluwole Leken,Delta State
1041005,Super -Tech Intergrated Farms,Lafenwa Road Via Ayobo Gbagobi Bus- Stop Lagos State,Lagos State,8163638481,606,Oladeji Simon Olabisi,Lagos
1041006,NOVOSELO FARMS,ABUJA RD,KADUNA,8032844434,4,Stephen,Kaduna
1041007,Jideofor Farms Ltd,"No1, Benjamin Street, Odoakpu, Onitsha Anambra State",Anambra State,8063830931,3,Ian,Anambra State
1041008,Muchamad Integrated Farm,Lafia Nassarawa State,Nassarrawa,8036360653,4080,Mr.Ebuga Davide Abdul Malik,Nassarrawa
1041009,Best Mill,"No3, Source of Joy Street, Ikpoba Hill Off Lucky Way Edo",Edo State,8035668819,5,Peter,Edo / Benin
104101,Sony Agro,Gwagwalada,Abuja,7085120236,4,Stephen,Abuja / FCT
1041010,Yohanna's Farms,"Zhewun 111, Masaka Nassarrawa State",Nassarrawa State,8107609925,4080,Mr.Ebuga Davide Abdul Malik,Nassarrawa State
1041011,Mufad Glory Feedmill,"NO52, Obafemi Awolowo Way, Mulepa Express Road Ijebu- Ode",Ogun State,8033075286,5,Peter,Ogun State
1041012,EVEREST FARMS LTD,"87/88 fishfarm estate laspoteeh, odogunyan",LAGOS- IKORODU,8033087335,606,Oladeji Simon Olabisi,Lagos
1041015,Usman Farm,Zaria,Zaria,7036018711,406,Dr.Ize Okeji,Kaduna
1041016,Evmaku Agric,"Opposite Eka Amusement Park, After Total Filling Station",Benin,7062227944,3,Ian,Edo / Benin
1041017,Aisha Farm,Ijebu- Ogbogbo Ogun State,Ogun State,8056323257,501,Lateef,Ogun State
1041018,ABDUL FATAI AND SONS,KM 12 JOS BAUCHI RD JIMPI 2,BAUCHI STAYE,8036416665,409,Basol Musa,Bauchi Staye
1041019,Olaxs Fish Farm,Papa Agura Ikorodu Lagos State,Lagos State,8023912001,508,Mr.Adekunle Damilola,Lagos
1041020,Folashade Farm,Lalupon Via Apatere along Iwo Road Osun State,Osun State,7082158581,509,Folorunso Mark Eniola,Osun State
1041022,Mainland Farm,"Plot 201, Kiyi Abuja",Abuja,8023011190,4,Stephen,Abuja / FCT
1041024,Ossynini Investment Nig Ltd,"Plot3, Town Planning Road, Besides Town Planning Office",Ibadan,8077794184,5,Peter,Ibadan / Oyo
1041025,Owhe Farms,"KM1, Oleh/Ozoro Roundabout, Oleh Isoko South Local",Delta State,8020353881,311,Dr.Ogunwemimo Oluwole Leken,Delta State
1041026,Royal Top Feeds,Masaka Nassarrwa State,Nassarrawa State,8067662133,4080,Mr.Ebuga Davide Abdul Malik,Nassarrawa State
1041030,Shantake Farms,Danbatta Kano State,Kano State,8034502174,4,Stephen,Kano
1041031,Adaeze Farm Limited,"NO,14 Ekene Road Asaba Delta State",Delta State,8094219781,3,Ian,Delta State
1041032,Deenatehj Farms,"Ikangba , Ijebu- Ode Ogun State",Ogun State,8052356337,513,Godwin Esenyie,Ogun State
1041033,ABDUL RACHMAN RAJI,Bauchi,BAUCHI,7068703006,407,Stephen Olushola,Bauchi
1041036,Orisun Iye Farm,Agoro Township Odogbolu Local Government Ogun State,Ogun State,8056755922,5,Peter,Ogun State
1041037,Katleho Farm Ltd,Busari Fish Farm Age mowo Badagry Lagos,Lagos,706964455,6,Mr Dayo,Lagos
1041038,Odiri Omonedo Farm,"NO56, NNPC Complex Road Warri",Warri,7030956333,3,Ian,Delta State
1041039,Rivcho Farm,"No2, Awkuzu Close, Off Aladja avenue Near Enerhen Police",Delta State,8023257939,3,Ian,Delta State
1041040,IJ Cytex Farms,"Ikuku Village, Campus 2 Agbani Road Enugu State",Enugu State,8068409091,3,Ian,Enugu
1041041,Freda Hope Golden Heritage,"Modipa Expressway, Ijebu -Ode Ogun State",Ogun State,8039577763,6,Mr Dayo,Ogun State
1041043,ALBARKA WASCO NIG. LTD.,Agbaraeje Church Busstop Ikotun Lagos,Lagos State,8032514670,6,Mr Dayo,Lagos
1041044,Goshen Fish Farm,"Plot2, Oyesina Layout Orisunbare Estate Jankata Apata,",Ibadan,7068364895,512,Afolabi Michael Abolade,Ibadan / Oyo
1041045,Camberwell Farms,"NO8, Prof Lawerence Eduvie Street Asaba Delta State",Delta State,8033334112,3,Ian,Delta State
1041046,Musgola Investment,"Maizube Quarters, Bosso Estate Minna , Niger State",Niger State,8035883781,407,Stephen Olushola,Niger State
1041047,Agro Flourish,"NO186, Udu Road Before Ovwian Grammar School Warri",Rivers State,8122082194,311,Dr.Ogunwemimo Oluwole Leken,Rivers / PH
1041048,Dinagro,Asadam Ilorin Town Kwara State,Kwara State,8068611673,512,Afolabi Michael Abolade,Ilorin / Kwara
1041049,Dekiewi Farms-ewere,"NO6, Idumwunowina Road , Off Benin Auchi Urora Benin City",Benin Edo State,8133500231,3,Ian,Edo / Benin
104105,Nabest Foods,Ogbomoso Oyo State,Oyo State,8060499404,509,Folorunso Mark Eniola,Ibadan / Oyo
1041053,Masaka Multi Trade Limited,Sokoto State,Sokoto State,7034059990,407,Stephen Olushola,Sokoto State
1041054,Muat World Resources Ltd,"NO117, Hospital Road, Aiyegbami Sagamu Ogun State",Ogun State,8134159601,503,Tope,Ogun State
1041055,God Is Able Feedmill,"No1, Ojurin Akobo Ibadan",Oyo State,80356023770,2040,Oluwole,Ibadan / Oyo
1041056,Molusesi Stores,"No4, Kokunesere Road, Odomogun Ijebu- Mushin Ogun State",Ogun State,7034236362,5,Peter,Ogun State
1041057,Rabiu Kolapo Farm,"Panada, Avenue Jiboye Axis Abeokuta Road Ibadan",Ibadan,8039216556,513,Godwin Esenyie,Ibadan / Oyo
1041059,Obasal Poultry/Livestock Farm,Jigawa State,Jigawa State,8061299231,407,Stephen Olushola,Jigawa State
1041060,Cedar and Grace Farms,"2, Honourable Adedamola Avenue, Irewon,Ijebu-Ode Ogun",Ogun State,8134711034,508,Mr.Adekunle Damilola,Ogun State
1041061,Greenafrica Aqua Farm,"NO50,Awosanya Street, Ajanka, Sgamu Ogun State",Ogun State,8038188386,513,Godwin Esenyie,Ogun State
1041063,Biomat Farm,"KM18, Erinmi Off New Ife Road, Egbeda Ibadan",Oyo State,8136607764,5,Peter,Ibadan / Oyo
1041065,Levate Farms,"No 3, Adejobi Cresent Extension Gbagada Lagos",Lagos State,8167707322,6,Mr Dayo,Lagos
1041066,Ayoola Farm - Ikorodu,Ikorodu Lagos,Ikorodu Lagos,8033068507,6,Mr Dayo,Lagos
1041067,Fandi Intergrated Farms and Allied Ltd,"Gunduma, Karshe Local Government Nassarrawa",Nassarrawa,8066929492,4,Stephen,Nassarrawa
1041068,ADEBANJO TUNDE RAPHAEL,22 SANYO,IBADAN,8106632334,6,Mr Dayo,Ibadan / Oyo
1041070,Royal Farms & Veterinary Enterprises,"D20, Abibat Mogaji BesideTotal Filling Station Opp State","Agage, Lagos",8036868798,6,Mr Dayo,Lagos
1041071,Darasimi Farm,"Jankata Area Along Akala Expreeroad Bola Village Apata,",Ibadan,8037218601,5,Peter,Ibadan / Oyo
1041072,Chicken Empire Farms,"Akufo Farm Settlement, Iddo Local Government Ibadan Eruwa",Oyo State,7031549813,513,Godwin Esenyie,Ibadan / Oyo
1041073,Emmanuel Farm,Ndikpa Umuneze Orumbo South Anambra,Anambra State,7038859586,3,Ian,Anambra State
1041074,Diet Feed Ltd,"KM1, Nnewi Amichai Okigwe Road Anambra State",Anambra State,8033029669,3,Ian,Anambra State
1041075,Farm Ville Estates,"NO163, Nnebusi Road Asaba Delta State",Delta State,8038567093,3,Ian,Delta State
1041076,Lipeju Farm,Atan Owode- Yewa Ogun State,Ogun State,8062149621,503,Tope,Ogun State
1041079,Manificat Farms And Fishery Nigeria Ltd,"Saint James Anglican Church, Shopping Plaza Shop 6&9",Imo State,7031329422,3,Ian,Imo State
1041080,Good Seed Fish Farm,Olaniyan House Beside Foundation Model College Araromi,Oyo Town,8032499077,5,Peter,Ibadan / Oyo
1041081,Adamore Nigeria Limited,"Mobolaji Bank AnthonyWay, Ikeja Lagos",Lagos,803386668,5,Peter,Lagos
1041082,VD & S Feeds Intergrated Nig Ltd,Poka Epe Lagos,Lagos,8053062226,503,Tope,Lagos
1041084,MAIWURNO AGRIC ENTERPRISE,KADUNA RD,SOKOTO,8067816595,407,Stephen Olushola,Sokoto
1041085,Divine Mercy 4cees Farm,Idi- Obi Off Iddo Road Off Manor Farm Oyo State,Oyo State,8161115613,513,Godwin Esenyie,Ibadan / Oyo
1041086,Jusk Fish Farm,Igbe Road Off Ijede Road Elepe Ikorodu Lagos,Lagos State,8060025275,6,Mr Dayo,Lagos
1041088,Super Care Feedmill,"44, Barracks Kaduna",Kaduna,8033330949,4,Stephen,Kaduna
104109,Bulag Feedmill,"Block 10, Shopping Complex, Orita Challenge Ibadan",Oyo State,8033283188,501,Lateef,Ibadan / Oyo
1041091,Eltees Farm,Abeokuta Road Sagamu Ogun State,Ogun State,8064488734,5,Peter,Ogun State
1041092,Unique Breeds,"Aramoko Ado- Ekiti, Ekiti State",Ekiti State,8033988153,509,Folorunso Mark Eniola,Ekiti State
1041094,Zite Farm,Koje Abuja,Abuja,8032024396,4,Stephen,Abuja / FCT
1041095,Jonathan Ventures,"No9, Aba Eje Owode Estate Apata Ibadan",Ibadan,8032108943,5,Peter,Ibadan / Oyo
1041097,Yankary Farm Depot,Bauchi Road Jos,Jos,8037130420,4,Stephen,Jos / Plateau
1041099,Good Land Farm,"Ekwuoma Junction, Abavo Village Agbor Delta State",Delta State,8167800662,311,Dr.Ogunwemimo Oluwole Leken,Delta State
1041100,Ecokleen Farm,"KM22, Keffi Espress road Abuja",Abuja,8068039054,412,Eniolorunda Seun Emmanuel,Abuja / FCT
1041102,I R Intergrated Farm,"KM 11, Owerri Abba Road Imo State",Imo State,7037084328,3,Ian,Imo State
1041105,Noble Farm,Ilora Oyo State,Oyo State,8065308777,509,Folorunso Mark Eniola,Ibadan / Oyo
1041106,Dacco Farm,"KM1, Egbelu Ogbogoro Off Iwoye Road Port Harcourt",Port Harcourt,8169088447,3,Ian,Rivers / PH
1041107,Arogunjo Intergrated Farm,"Ogundele ASG, Local Government Kwara State",Kwara State,9031836948,512,Afolabi Michael Abolade,Ilorin / Kwara
1041108,Eni Farms Ltd,Airport Road Akwa Ibom,Akwa Ibom,7084577930,3,Ian,Akwa Ibom
1041111,GODWIN FARM,"KADUNA-ABUJA EXPRESSWAY, KADUNA.",KADUNA,8028574110,4,Stephen,Kaduna
1041112,ALAYANDE AYANTOLA FARM,KADUNA,KADUNA,8034529589,407,Stephen Olushola,Kaduna
1041113,Fantastic Farms,"NO39, Sule Adebayo Suite,Kola Balogun Area Osun Oshogbo",Osun Oshogbo State,8024278077,503,Tope,Osun State
1041116,JCL Farm,Ilora Oyo State,Ilora Oyo State,8035680005,501,Lateef,Ibadan / Oyo
1041117,Molab Farms,Sabo Ija wire Road Oyo Town,Oyo Town,8064851266,5,Peter,Ibadan / Oyo
1041118,G Mama,Gbekuba Apata Ibadan,Ibadan,9030949849,5,Peter,Ibadan / Oyo
1041119,Yellow Little Flower Ent,"15, Abuta Lane Off Nnebisi Road, By Sterling Bank, Asaba",Delta State,8023044559,3,Ian,Delta State
1041121,Nobel Farm Ogun State,Owode Egba Road Ogun Statep,Ogun State,8059527364,503,Tope,Ogun State
1041122,BB Vet,Plot 2/2 Kubwa Abuja,FCT Abuja,8053664179,4,Stephen,Abuja / FCT
1041124,Bimba Farms,Sotubo Sagamu Ogun State,Ogun State,8184711182,503,Tope,Ogun State
1041125,Atriis Fish Farm,Iyana Isashi Ojo Lagos,Lagos,8033270614,508,Mr.Adekunle Damilola,Lagos
1041126,King Veritas Limited,Owode Egba Ogun State,Ogun State,8061164078,503,Tope,Ogun State
1041128,Ekeson Farms,"NO65, Umusadeke Road, Kwale Delta State",Delta State,8037521009,3,Ian,Delta State
1041130,Lawal Iyanda Farm Ltd,Orerokpe Warrior Delta sTATE,Delta State,8034747836,311,Dr.Ogunwemimo Oluwole Leken,Delta State
1041131,Gold Farm,Agwa Kudenda Layout Kaduna,Kaduna State,8028374122,407,Stephen Olushola,Kaduna
1041132,Alkanchi Poultry,Sokoto State,Sokoto State,8035173317,407,Stephen Olushola,Sokoto State
1041133,Felmos Global Resources Limited,Opposite No Idowu Grammar School Olorunda Aba Akobo,Ibadan,8033339515,2000,Raji,Ibadan / Oyo
1041134,Pillar Farm,Owode Egba Ogun State,Ogun State,8038394434,503,Tope,Ogun State
1041135,5Lad Farms Nig Ltd,"Ajenisuwa Road Agric Farm Settlement , Osogbo Osun State",Osun State,80361169905,509,Folorunso Mark Eniola,Osun State
1041136,Ayo Thomas,"Hadejia Road, Opposite NEPA Office Kano State",Kano State,9083711980,407,Stephen Olushola,Kano
1041137,Prof Tukur,Sokoto University Sokoto State,Sokoto State,8035073554,407,Stephen Olushola,Sokoto State
1041138,Dignity Feed,Kaduna State,Kaduna State,8066780011,407,Stephen Olushola,Kaduna
1041139,Oliver Okoro Farm,Orunmu Along Aiyeso Road Ilesa Osun State,Osun State,8129130419,509,Folorunso Mark Eniola,Osun State
1041140,Dios Farms Limited,"Elenusoso , Off Iddo Road Aba Epe Iddo Local Government",Ibadan,8089214029,4,Stephen,Ibadan / Oyo
1041142,Jafel Agro Service,Behind Calaba Filling Station Shagam Ogun State,Ogun State,8139562432,5,Peter,Ogun State
1041143,Gbekemo Farm,Kiyi Layout Koje Abuja,Abuja,8096206106,407,Stephen Olushola,Abuja / FCT
1041144,Awobaja Farm,Koje Abuja,Abuja,8036650233,4,Stephen,Abuja / FCT
1041145,Jumach Nig Ltd,MNA Industry Area Enugu,Enugu State,8096401111,322,Kingsley Ikenna,Enugu
1041146,Lee Fish Farm,Apata Ibadan,Ibadan,8030643939,5,Peter,Ibadan / Oyo
1041148,Makemdam Unique Global Resources,Agbowo UI Road Ibadan,Ibadan,8038619766,5,Peter,Ibadan / Oyo
1041150,Total Farm,Dawaki Abuja,Abuja,8036675821,4,Stephen,Abuja / FCT
1041152,Ade Farm,Soka Abule Ijesha Area Iwo Road Ibadan,Ibadan,8058874265,501,Lateef,Ibadan / Oyo
1041153,IR integreted farm ltd,KM 15 OWERRI ABA RD,OWERI,8139063925,3,Ian,Oweri
1041155,ANDARAI FARM,AIR PORT RD KADUNA,KADUNA,8023892456,4,Stephen,Kaduna
1041156,AWOBAJA FARM,KOJE ABUJA,ABUJA,8036650233,4,Stephen,Abuja / FCT
1041158,Rone Fish Farm,"No16, Piniki Close, Near NNPC Complex Warri, Delta State",Delta State,8033727969,3,Ian,Delta State
1041159,Kellapraise Farm Ltd,"Plot B302, Behind RCCG Triumphant Grace Parish, Airport",Abuja,7037610642,4,Stephen,Abuja / FCT
1041160,Royal Fish Farm,Igbe Road Off Ijede Elepe Ikorodu Lagos,Lagos,8060070467,6,Mr Dayo,Lagos
1041161,Good Value Farm,"NO1, Ameke Road, Old Nsukka Road 9th Miles, Enugu State",Enugu State,8034572091,3,Ian,Enugu
1041162,Daravan Global Resources,"NO51, Isheri Osun Road Ijegun Lagos",Lagos,8034078707,508,Mr.Adekunle Damilola,Lagos
1041164,Akala Farm,Along Gbege Ilorin Road Ogbomsho,Ogbomosho,8086976603,5,Peter,Ogbomosho
1041165,Hatch Field Farms Ltd,"KM2, Old Aba Road Naze, Owerri State",Owerri State,7062078400,3,Ian,Owerri State
1041167,Aytel Nigeria Enterprises,"NO32, Oke Owo Street Owode Ajegunle Ikorodu Road Lagos",Lagos State,8057964100,6,Mr Dayo,Lagos
1041168,His Praise Farm,"Oke Ata Village , Via Ita Oshin Abeokuta Ogun State",Abeokuta Ogun State,8152926342,5,Peter,Ogun State
1041170,Ilabe Farms,Owode Egba Abeokuta Ogun State,Ogun State,8022833433,503,Tope,Ogun State
1041171,F J Farms,Close to Airforce Akobo Ojurin Ibadan Oyo State,Ibadan,8035116160,501,Lateef,Ibadan / Oyo
1041172,Hola foods multiventures,plot 30 block A oluyole ext ring road,ibadan,8100526524,6,Mr Dayo,Ibadan / Oyo
1041174,Life Farms Limited,Amechi Akunanow Enugu State,Enugu State,8064920476,3,Ian,Enugu
1041176,Darma Farm,Katsina State,Katsina State,803274828,407,Stephen Olushola,Katsina State
1041177,Yan Kyaure Farm,Katsina Farm,Katsina Farm,8036149287,407,Stephen Olushola,Katsina Farm
1041178,Farms Empire,Bank Olodo Iwo Road Ibadan,Ibadan,8032053637,5,Peter,Ibadan / Oyo
1041179,Mancchong Intergrated Farm,Godankura Road Abuja State,Abuja State,8033206058,4,Stephen,Abuja / FCT
104118,Medrose Ltd./Oluwole A. Olalekan,"Ibadan, Oyo State",Ibadan,8034014187,2040,Oluwole,Ibadan / Oyo
1041180,Fiwot Farms,"Km5, Oyo-IbadanExpressway Ilora Oyo State",Oyo State,8034349507,5,Peter,Ibadan / Oyo
1041181,Ben Feedmill,Opposite Golf Stadium Abakaliki,Abakaliki Ebonyi State,8033139747,3,Ian,Abakaliki Ebonyi State
1041182,Malele Farms,Dawakin Kudu LGA Opposite Hills & Valley Kano State,Kano State,7034770000,407,Stephen Olushola,Kano
1041183,Jan Farms,Tamburawa Dawakin Kudu LGA Kano State,Kano State,8066699750,407,Stephen Olushola,Kano
1041184,ALBARKA AGRO ALLIED- yola,YOLA - ADAMAWA,YOLA - ADAMAWA,7036018711,407,Stephen Olushola,Yola - Adamawa
1041185,DR. ABASS MUHMD SAL. FARM,"SABON WUSE, MINNA.","SABON WUSE, MINNA, NIGER STATE",9097744119,4,Stephen,"Sabon Wuse, Minna, Niger State"
1041187,FOOD SOLUTIONS LIVESTOCK LTD.,"CARETAKER AREA, OGBOMOSHO, OYO STATE","CARETAKER AREA, OGBOMOSHO, OYO",7089067381,509,Folorunso Mark Eniola,Ibadan / Oyo
1041188,Suprim,Sapele Ogorode Road Ughelli Delta State,Delta State,9032637876,311,Dr.Ogunwemimo Oluwole Leken,Delta State
1041190,Trans Continental Services,KM 1 Aba PH Road Rivers Portharcourt,Rivers State,8033098722,3,Ian,Rivers / PH
1041191,ENE PRINCE FARMS,"4, KANA UDI. L.G.A. ENUGU STATE","4, KANA UDI. L.G.A., ENUGU",8036652727,3,Ian,Enugu
1041192,Adeyeri Farms,Adeyeri Farms Estate Ereke Vilage Off Osiele Abeokuta,Ogun State,8026269713,5,Peter,Ogun State
1041193,L.O Poultry Farm,IDDO LOcal Government Falade Village Ibadan,Ibadan,8034912818,5,Peter,Ibadan / Oyo
1041194,Fisem Intergrated Services,Suite 8&9 Ogooluwa Plaza Opposite NNPC Filling Station,Ibadan,7052548279,2000,Raji,Ibadan / Oyo
1041195,Maiwaina farm agro aliad,kwanar Karfu rd .kano state,kano state,8037055100,407,Stephen Olushola,Kano
1041196,LAVDAM FEEDMILL,13 AKINTUNDE AYENI street ayobo LAGOS,LAGOS,8183930010,6,Mr Dayo,Lagos
1041199,Mospotech Ideals Ltd,"Mechanic Village Besides Taas College Jiboye Area,",Omi Apata Ibadan,8034188695,5,Peter,Ibadan / Oyo
1041200,Rex Poultry Farm,"Km 45, Abakaliki Calabar Road After Army Barracks",Abakaliki State,8085972017,3,Ian,Abakaliki State
1041201,Adenuga Feeds And Farms,Oju- Agemo Via Igbalu Caberigbe Off Ijede Road Or Imota,Lagos State,7065723991,6,Mr Dayo,Lagos
1041202,Ali Poultry Farm,Birnin Yaro Jaji Kaduna State,Kaduna State,8037000413,4,Stephen,Kaduna
1041203,Amaka Farm,Abatete Town Anambra State,Anambra State,8037734178,3,Ian,Anambra State
1041204,Tofamid Farm,"Okpoma Ogoja, Cross River State",Cross River State,8037756622,3,Ian,Cross River State
1041205,Emani Farms Giant Ltd,"Ikot Akpan, Ediene Ikot Obio Imoh Uyo Akwa Ibom State",Akwa Ibom State,8099326111,3,Ian,Akwa Ibom State
1041207,Eboigbe Farm Ltd,"Okpanam Road, Asaba Delta State",Delta State,8063235705,311,Dr.Ogunwemimo Oluwole Leken,Delta State
1041208,Ziks Farm,Kuru Jos South Plateau State,Jos Plateau State,8051656533,4,Stephen,Jos / Plateau
1041210,Mabeni Farm,Lagos Ibadan Expressway Mowe Lagos,Mowe Lagos State,8033361094,503,Tope,Lagos
1041211,Freedom Fisheries,"No4, University Market Road Nsuka Enugu State",Enugu State,8030981419,3,Ian,Enugu
1041212,Mother Hens,"Km7, Abuja Expressway Kaduna State",Kaduna State,70655065891,4,Stephen,Kaduna
1041213,Aderinola Omole Farm,"B203, Okesa Street, Ilesha Osun State",Osun State,8037211232,2000,Raji,Osun State
1041214,Philex Farm,"Berger, Lagos State",Lagos State,9093021847,503,Tope,Lagos
1041215,Alex Farm,"No2, Chukwu Worlu Street, Off East West Roaf,",Port Harcourt Rivers State,8064940291,3,Ian,Rivers / PH
1041216,Kufreoboug Ventures,Odo Lonfa Ijebu -Ode Ogun State,Ogun State,8150764990,6,Mr Dayo,Ogun State
1041217,Adebola Oyelesi Farm,Onafowokan avenue rounabout hotel Busstop Off Isawo AGric,Lagos State,8059478212,6,Mr Dayo,Lagos
1041218,Magaji Memorial Farm,"Kaura Namoda,Road,Zamfara State",Zamfara State,7060500635,407,Stephen Olushola,Zamfara State
104122,Nefraday Farms Ltd.,Ilorin,Kwara State,7052715338,5,Peter,Ilorin / Kwara
1041221,EDIKS NIG LTD,ASIO FING STATION,ABUJA STATE,8170401412,4,Stephen,Abuja / FCT
1041224,Talle Agro Enterprise,Bauchi State,Bauchi state,8038519691,407,Stephen Olushola,Bauchi State
1041225,Modupeoluwa Poultry Farm,Ijebu -Ode Junction Ogun State,Ogun State,8035196512,501,Lateef,Ogun State
1041226,Ridnet Fish Farm,"No20,Olasewan Street, Orisunbare Phase 2, Ayobo Iyana",Lagos State,8022474815,6,Mr Dayo,Lagos
1041228,Creative farm gberigbe,ikorodu lagos,lagos,8033053152,6,Mr Dayo,Lagos
1041230,Ambassador Feedmill,"Ilorin, Town Kwara State",Kwara State,8055900911,512,Afolabi Michael Abolade,Ilorin / Kwara
1041231,Abai Farms,"NO 6, Shola Olajide Osinowo Avenue OluyoleAnex Ibadan",Ibadan,8027711648,5,Peter,Ibadan / Oyo
1041232,Luxury Farm,"Obingwa, Abia State",Abia State,7032884494,322,Kingsley Ikenna,Abia State
1041235,Ceei Global Resources,"Km3, Iwo Road Beside Adom Monatan , Ibadan",Ibadan,8034747657,501,Lateef,Ibadan / Oyo
1041236,Obinna Farm,"Emene, Enugu State",Enugu State,8157049255,3,Ian,Enugu
1041237,Sofia Kabir,Kaduna State,Kaduna State,8037032637,4,Stephen,Kaduna
1041238,Ubdat Atidan Nigeria Limited,"Km10, Lokoja Ajaokuta Road Kogi State",Kogi State,8062946601,503,Tope,Kogi State
1041239,Augustine Farm,Gwagwalada Abuja,Abuja,8110946981,4,Stephen,Abuja / FCT
1041240,Ojaba Intergrated Veterinary,Kari Site Masaka Abuja State,Abuja State,8039138525,4,Stephen,Abuja / FCT
1041241,Arctic International Investment Limited,"N030, DFRRI Road Abaranje Road Ikotun Lagos State",Lagos State,8177062575,6,Mr Dayo,Lagos
1041242,Agridom Intergrated Ltd,Eye Nkorin Pampo Ilorin Kwara State,Ilorin Kwara State,8154925682,512,Afolabi Michael Abolade,Ilorin / Kwara
1041243,yemis farm,"NO4, Giri Layout, Abuja",Abuja,8033398600,4,Stephen,Abuja / FCT
1041245,Ehen Feeds Coy Ltd,"No25, Evboumwan Street, Benin City",Benin City,8037657776,3,Ian,Edo / Benin
1041246,Farm Mgt Resources,Ebonyi State,Ebonyi State,8036658930,3,Ian,Ebonyi State
1041248,Glorious Beulah Farms Company Ltd,"Solu Town, Ifo LGA , Ogun State",Ogun State,8033078476,6,Mr Dayo,Ogun State
1041249,Hope Of Glory,Ijebu - Ode Ogun State,Ogun State,7063102700,6,Mr Dayo,Ogun State
104125,Olaogun Farm,"KM 8, Saw mill Old Ife Road Ibadan",Ibadan,8034177408,5,Peter,Ibadan / Oyo
1041250,Amos Farm,Airport Road Kaduna,Kaduna State,7024140030,4,Stephen,Kaduna
1041251,Chris Farm,kano rd opposite total filing station zamfara,zamfara,8036232076,406,Dr.Ize Okeji,Zamfara
1041252,Imsat Farms,"Imsat Farms Mission Road, Ikot Ibiok Area Eket Akwa Ibom",Akwa Ibom,7039462322,3,Ian,Akwa Ibom
1041253,Gabrovic Nig Ltd,"No67B, Ighodalo Estate Academy, Ibadan.",Ibadan,8032725547,5,Peter,Ibadan / Oyo
1041254,Femi Agboola Farm,"Orerokpe,Delta State",Delta State,8023172864,311,Dr.Ogunwemimo Oluwole Leken,Delta State
1041255,Rahama Farm,Futuna Katsina state,ALH ZAKARIA,8033919624,407,Stephen Olushola,Alh Zakaria
1041256,Kizylopez Agro,"No15, Onyebuchi Street Opposite Grand Hotel Asaba Delta",Delta State,8033293181,2000,Raji,Delta State
1041257,First Solution Farmers,"No1, Aiyegbami Street Awa Ijebu Ogun State",Ogun State,8033071685,501,Lateef,Ogun State
1041259,Quality King's Poultry Farm,"Ipoka Area, Epe Lagos State",Lagos State,8039400285,6,Mr Dayo,Lagos
1041260,Satthel Farms,After Army Barracks Lokoja Kogi State,Kogi State,8033009737,4,Stephen,Kogi State
1041262,T.K.K Global Farms Ltd,"Behind Ori-Ole Ominira Ejioku Lagelu LGA, Ibadan",Ibadan,7033221143,311,Dr.Ogunwemimo Oluwole Leken,Ibadan / Oyo
1041263,Ekuru Farm,"Ngwo, Enugu State",Enugu State,8185025735,3,Ian,Enugu
1041265,Chisel Agro,"No172, MM Way, Benin City",Benin City,7062434947,3,Ian,Edo / Benin
1041266,De- Unique Global Concept,"Plot 7-9 Modupe Street Akute Ajuwon RD, Ogun State",Ogun State,9060972204,5,Peter,Ogun State
1041268,Filagues nig. ltd,km 10upper siluko road benin city,benin city,8027070406,3,Ian,Edo / Benin
1041272,Loitte Farms,"Warri, Delta State",Delta State,8089437673,311,Dr.Ogunwemimo Oluwole Leken,Delta State
1041273,Light Creek Ltd,"Okomoko Town, Etche, Rivers State",Rivers State,8037628229,3,Ian,Rivers / PH
1041274,Romanus Global Feed,"No10, Enugu Road, Orba Nsukka Enugu State",Enugu State,8039132706,3,Ian,Enugu
1041275,Smart Choice Agric,"No58, Agbani Road, Enugu",Enugu State,8066213737,3,Ian,Enugu
1041276,HKM Poultry Farm,"Gafulani Area, Owode Ede Osun State",Osun State,8038863336,509,Folorunso Mark Eniola,Osun State
1041277,Hope In God Ventures,"Agbosoye Compound, Oke Gege Ilora Oyo",Ilora Oyo State,8060221344,509,Folorunso Mark Eniola,Ibadan / Oyo
1041279,Trimade Farms,"Beside Dan Musa Guest House, Dutse Jigwa State",Jigawa State,8033184170,407,Stephen Olushola,Jigawa State
1041280,Agrikk Matas,"Gbongan Road, Osogbo sun State",Osun State,8063831111,509,Folorunso Mark Eniola,Osun State
1041281,Onileola Farms,"Ede, Osun State",Osun State,8053171430,509,Folorunso Mark Eniola,Osun State
1041282,Skretting Nigeria Ltd,Along New Garage Podo Oyo Sate,Oyo State,8129918894,5,Peter,Ibadan / Oyo
1041283,Dele Investment,"Presco Road, Abakaliki Ebonyi State",Ebonyi State,8033700002,3,Ian,Ebonyi State
1041284,Olam Group\Crown flour mill ltd,"Abuja Express Km 25, Kaduna",Kaduna State,8056279951,4,Stephen,Kaduna
1041285,Shefadek Nig Ent,"Block E, Shop 7Abbat Mogaji Modern Marke Opp. MRSFilling",Agege Lagos State,8030528981,6,Mr Dayo,Lagos
1041287,Falke Industries,Kaduna State,Kaduna State,802658840,4,Stephen,Kaduna
1041288,Olaji Feedmill,"Ejioku, Iyana Church Ibadan Oyo State",Oyo State,8123421050,512,Afolabi Michael Abolade,Ibadan / Oyo
104129,Osin Farms Ltd-Gen. Akinrinade,IFE,IWO - Ogun State,8030466171,3,Ian,Ogun State
1041290,Ayo Oluwa Farms,"Folawiyo Road Ilora, Oyo State",Oyo State,8038364178,509,Folorunso Mark Eniola,Ibadan / Oyo
1041291,Lugard Farm,"Sapele, Delta State",Delta State,8063335824,311,Dr.Ogunwemimo Oluwole Leken,Delta State
1041292,Fast Feeds,"Km51, Along Daura Katsia Road, Katsina State",Katsina State,8099287491,407,Stephen Olushola,Katsina State
1041293,Sparrow Agro VetServices,"Warri, Delta State",Delta State,8033440547,311,Dr.Ogunwemimo Oluwole Leken,Delta State
1041294,Life Soil Farm,"Nsukka, Enugu State",Enugu State,8030982613,3,Ian,Enugu
1041295,Nakaka farms ltd,Beli rogo local govt,Kano state,8034501715,407,Stephen Olushola,Kano
1041296,Shepherd Touch Ventures,"Isale, High School, Ogbomosho Oyo State",Oyo State,8035036574,509,Folorunso Mark Eniola,Ibadan / Oyo
1041297,Doema Farm,Zaria Kaduna State,Kaduna State,8156576798,406,Dr.Ize Okeji,Kaduna
1041298,Candle Light Farm,"Warri, Delta State",Delta State,8138131167,311,Dr.Ogunwemimo Oluwole Leken,Delta State
1041299,Hola - Okuns Farms,Itokun Village Along Abeokuta - Ibadan Expressway FC,Ogun State,8066074039,5,Peter,Ogun State
1041301,Ishola Farm,Osadep Area Iwo Osun State,Osun State,8037577785,5,Peter,Osun State
1041303,project farms,office hadejia rd kano,kano,8037878704,407,Stephen Olushola,Kano
1041304,Safar integreted farm,sabo garikeffi,nasarwa state,8096674237,4,Stephen,Nasarwa State
1041305,Zeezco Farm,"No5, Hajia, Hasiya Kano State",Kano State,8023563282,407,Stephen Olushola,Kano
1041306,Awestruck Investment Nig. Ltd,"Along Under G, Oke - Ado Akintola, Ogbomosho Oyo State",Ogbomosho Oyo State,8038563534,509,Folorunso Mark Eniola,Ibadan / Oyo
1041307,Jeokol Farms Ltd,Akinbo Village New Obafemi Owode Town Ogun State,Ogun State,8022241512,503,Tope,Ogun State
1041308,Eridara Farm,"NTA Road, Awe Oyo State",Oyo State,8035817777,509,Folorunso Mark Eniola,Ibadan / Oyo
1041309,Odediran Memorial Farm Ltd,"Along Siun- Owode Road, Owode- Egba Ogun State",Ogun State,8057358659,5,Peter,Ogun State
1041310,Fauzi Farm,Suleja Kaduna Abuja Road,Kaduna- Abuja Road,8068339962,4,Stephen,Kaduna
1041311,Munirat Farm,"Dandume Road, Opposite SBRS Funtua , Kastina State",Kastina State,8033496325,407,Stephen Olushola,Kastina State
1041312,Solcorp Farms Ltd,"NO,200 Awolowo Road, Itamaga Ikorodu Lagos State",Lagos State,8033022224,606,Oladeji Simon Olabisi,Lagos
1041313,Royal Palms Intergrated Services Ltd,"No6, Jerusalem Street, Irewole Estate Apata Ibadan",Ibadan,8034303649,5,Peter,Ibadan / Oyo
1041314,Kalase Farm Ltd,Ibadan Oyo State,Oyo State,8056047484,5,Peter,Ibadan / Oyo
1041315,Zino Global Resources Ventures,"Plot 4, Engr Omole Cresent Olive Estate Ile titun Ibadan",Ibadan,8160599422,5,Peter,Ibadan / Oyo
1041317,Dorisbon Farms,"Ugwuaji Fly Over , Enugu Portharcourt Expressway Enugu",Enugu State,8067070416,3,Ian,Enugu
1041318,Adekab Feedmill,"Along Iwo Road, Awe Oyo State Amo Byng",Oyo State,8034666665,509,Folorunso Mark Eniola,Ibadan / Oyo
1041319,Comfort Toun Rehoboth Farm,"No1, Adekoya Cresent, Emuren Off Epe Road, Ijebu Ode Ogun",Ijebu - Ode Ogun State,8057442661,5,Peter,Ogun State
1041320,Fasbok Feedmill,Plaza Off Ife - Ibadan Expressway By Obat Filling Station,Ibadan,8034646422,508,Mr.Adekunle Damilola,Ibadan / Oyo
1041321,Tina Feedmill,"Opp FRSC, Oke Gada Ede Osun State",Osun State,860172775,509,Folorunso Mark Eniola,Osun State
1041323,HIS MERCY FARM,along abayode road awe oye state,oye state,8156938098,509,Folorunso Mark Eniola,Oye State
1041324,TUNNIK FARM,ALONG IKOI ROAD OGBOMOSO,OGBOMOSO,8069236058,509,Folorunso Mark Eniola,Ogbomoso
1041325,Fish World Farm Limited,Road 28B Akobo Estate Ibadan,Oyo State,8055103898,5,Peter,Ibadan / Oyo
1041326,Samoa Farm,Jankawa Masaka Nassarrawa State,Nassarrawa State,7032077377,4,Stephen,Nassarrawa State
1041327,Treasure Academy Ltd,"Oyo -Ogbomosho Expressway Atiba, Oyo",Oyo State,8038039558,509,Folorunso Mark Eniola,Ibadan / Oyo
1041328,Jubog Farm,Omi - Adio Aba Isale Apata Ibadan,Ibadan,8034706184,5,Peter,Ibadan / Oyo
1041329,Lanchak Farms,"Onikoko Aderigbe Road, Opp Navy Secondary School,",Abeokuta Ogun State,8030565132,509,Folorunso Mark Eniola,Ogun State
1041330,Ndioma Multipurpose Cooperatives,Emene Enugu State,Enugu State,7069094877,3,Ian,Enugu
1041331,Aka Farms Limited,"Ikangbja Town, Ijebu -ode Ogun State",Ogun State,8061347358,5,Peter,Ogun State
1041332,Oat Vana Farm,"Warri, Port Harcourt Rivers State",Rivers State,8036698299,311,Dr.Ogunwemimo Oluwole Leken,Rivers / PH
1041334,Gold Finches Inv. Ltd,"No7, Station Road Portharcourt",Rivers State,8057141767,3,Ian,Rivers / PH
1041335,Rostim Farm,"Warri, Delta State",Delta State,8055884489,311,Dr.Ogunwemimo Oluwole Leken,Delta State
1041336,Ade - More Agro Allied,"No9, Asenogwa Off Lagos Benin Express Benin",Benin,8075452539,3,Ian,Edo / Benin
1041339,Aliyu Gezawa Farm,"Hadejia Road, Kano State",Kano State,7085698742,407,Stephen Olushola,Kano
1041340,Green Eden Farm,"Olorunda Village, Off Oyo- Fasola Road, Oyo Town",Oyo Town,8035064937,509,Folorunso Mark Eniola,Ibadan / Oyo
1041343,Akin Sateru Farms,"20KM, Ikota Village Lekki Eti-Osa, Falomo - Ikoyi Lagosl",Epe Expressway Lagos,8089751138,6,Mr Dayo,Lagos
1041344,D - Way Farms,"NO, 3 Engr Olaobaju Street Yidi Arola Apete, Ibadan",Ibadan,8068789891,5,Peter,Ibadan / Oyo
1041346,Award Vet. Konsult,"Oghara, Warri, Delta State",Delta State,8030899576,311,Dr.Ogunwemimo Oluwole Leken,Delta State
1041347,Proscar Co. Nig. Ltd,"370, Upper Sakponba Road Benin City",Benin City,8080726151,3,Ian,Edo / Benin
1041349,Gomara farms,"Off Ogoja- Ikom Hignhway, Ogoja, CRS CrossRiver State",Cross River State,8127947339,322,Kingsley Ikenna,Cross River State
1041350,elvoncitas agro allied,Behind Tony blocs Ind,Owerri,070 66820404,3,Ian,Owerri
1041351,ALiyu Gezawa Hadejia,road kano,kano,7085698742,407,Stephen Olushola,Kano
1041352,M and J Foods and Produce Limited,"Okirika, Portharcourt Rivers State",Rivers State,8125882595,3,Ian,Rivers / PH
1041354,Samuel Farm,"9th Mile, No30, Royal Close Enugu",Enugu,8137711625,3,Ian,Enugu
1041355,Hajia Aisha Farm,"Zaria Road, Kano State",Kano State,8035874766,407,Stephen Olushola,Kano
1041356,Ogodieka Farm,"Along Ugbolu Road, Asaba Delta State",Delta State,7031663912,3,Ian,Delta State
1041357,Morestar Ben Feedmill,"No36, Mamamy Market, Akobo Ojurin, Ibadan Oyo State",Ibadan,7069338460,5,Peter,Ibadan / Oyo
1041359,Wet agro - allied nig ltd,"maje area ,iwo express road , ibadan",Ibadan,8030724183,509,Folorunso Mark Eniola,Ibadan / Oyo
1041360,Versacorp Global Concept Ltd,"Oke - Ado Area, Iddo Ibadan",Ibadan,8034276611,5,Peter,Ibadan / Oyo
1041362,Promas Agro Allied,"No6, Balogun Plala Mowe/ Ofada Ogun State",Ogun State,7038611132,6,Mr Dayo,Ogun State
1041363,Okafor Farms,"Day By Day Close, Oluyole Estate , Ibadan",Ibadan,7038369840,509,Folorunso Mark Eniola,Ibadan / Oyo
1041364,Karma Agric feeds & foods ltd.,"KM 12, Lagos/Ibadan Expressway, Opposite Old Ratcon",Ibadan,8077535666,6,Mr Dayo,Ibadan / Oyo
1041365,De- Samuel Feedmill,"NO36, Monatan Area, Iworoad Ibadan",Ibadan,8152234341,5,Peter,Ibadan / Oyo
1041366,S.B.C Farms Ltd,Atteokegi Ogugu Kogi State,Kogi State,8089569662,3,Ian,Kogi State
1041367,Jocef Green Limited,Atiba Ijebu-Ode Ogun State,Ogun State,8057001909,501,Lateef,Ogun State
1041369,Kep.B. Farm,Niger State,Niger State,8027953765,407,Stephen Olushola,Niger State
1041371,O.M.Y Global Services,"Kajola Farm, Ikangba Ifelodu LCDA Ogun State",Ogun State,9077100850,5,Peter,Ogun State
1041372,Kenny Blessed Feedmill,"NO96, OyoRoad Opposite UI second Gate Ibadan",Ibadan,8034237645,513,Godwin Esenyie,Ibadan / Oyo
1041373,Adesherif Feedmill,"Abibat Mogaji Shop, Agege Opposite Abattoir Agege, Lagos",Lagos,8030528981,508,Mr.Adekunle Damilola,Lagos
1041374,Joel Ore Commercial Enterprises ( Fish Farm Div),"NO8, Bewaji Street, Powerline, Osogbo Osun State",Osun State,8033740906,509,Folorunso Mark Eniola,Osun State
1041375,Kanga Feedmill,"Along Zaria Road, Funtua Kastina State",Kastina State,8034266051,406,Dr.Ize Okeji,Kastina State
1041376,Open Heaven Feedmill,"Beside Awe High School, Awe , Oyo State",Oyo State,8149082990,509,Folorunso Mark Eniola,Ibadan / Oyo
1041377,Yah Lateef Feedmill,"Beside Idi- Igba Microfinanace Bank, Idi Igba Ilora Oyo",Oyo State,8063628126,509,Folorunso Mark Eniola,Ibadan / Oyo
1041378,Our Saviour Farms,"Off Ife- Ibadan Express Way, Ikoyi Osun State",Osun State,8035810815,509,Folorunso Mark Eniola,Osun State
1041379,Pat & Pas Farm,"Tinkers Corner, Enugu State",Enugu State,8037994472,3,Ian,Enugu
1041383,Asolab Fish Feeds Enterprises,"DadaEstate Oshogbo, Osun State",Osun State,8134774643,606,Oladeji Simon Olabisi,Osun State
1041384,Alhaji Mallam Farm,"NO5, Limpopo Street, Maitama Abuja State",Abuja State,8034741074,407,Stephen Olushola,Abuja / FCT
1041385,victory Way Enterprises,"NO1, Tipper Garage Akala Expressway New Garage Ibadan",Ibadan,8037276961,6,Mr Dayo,Ibadan / Oyo
1041386,O J Farm,"Abacha Road, Maraba Abuja State",Abuja,8037030955,4,Stephen,Abuja / FCT
1041387,Wilson Echekwu,A.B.U Zaria Quaters,Zaria,8063730575,406,Dr.Ize Okeji,Kaduna
1041390,FDH Agro Vet,"NO77,Makanjuola Building Iwo Road Ibadan",Ibadan,8036181907,5,Peter,Ibadan / Oyo
1041391,Ishiuba Farm Ltd,"Umuomara Ndegwe, Owerri Imo StateL",Imo State,8033005135,3,Ian,Imo State
1041392,Momoh Farms,"No22/24 Road5, Asipa Layout Opp Ajegunle Market, Oyo Town",Oyo- Ogbomosho,8060899179,605,Dr. Abdulazeez Abiodun Oyetungi,Ibadan / Oyo
1041394,Queens Farms Nig,"No12, Amaeze by Old Park Nsukka Enugu",Enugu State,9059874576,3,Ian,Enugu
1041396,Oshie Aneke Agro,Awgu Enugu,Enugu,8036409180,322,Kingsley Ikenna,Enugu
1041397,Munabonz Farms,"Emene, Enugu",Enugu State,8102760888,3,Ian,Enugu
1041399,Great Grace Agro Vet,"No1 Larry Close, Oluyole Are, Oluyole Estate",Ibadan,8030527657,5,Peter,Ibadan / Oyo
1041401,Fadoff Farms,Off Iddo Garage Eruwa Road Iddo Agbopa Village Ibadan,Ibadan,8023158313,605,Dr. Abdulazeez Abiodun Oyetungi,Ibadan / Oyo
1041402,Shezira Tunik Feed,Barnawa Kaduna South Kaduna State,Kaduna State,8036012853,4,Stephen,Kaduna
1041403,Alpha Feeds,Masks Keffi Road Nassarrawa State,Nassarrawa State,8035965310,4,Stephen,Nassarrawa State
1041404,Ihekwoaba Farms,Umuokisi Ahazu Mbaise Imo State,Imo State,7056114644,3,Ian,Imo State
1041407,Triton Aqua Africa LTD,"No49, Apapa Oshodi Expressway, Ijeshatedo,Lagos Nigeria",Lagos State,8060417078,6,Mr Dayo,Lagos
1041408,CGE Farm & Services,"Owerri, Aba express Road Owerri Imo State",Imo State,8038370741,3,Ian,Imo State
1041409,Madam Chika Poultry,"Oji- River, Enugu State",Enugu State,7061356971,3,Ian,Enugu
104141,Yah Lateef,"Ibadan, Oyo State",Oyo State,8034549460,501,Lateef,Ibadan / Oyo
1041411,Sabugo Agro Nig. Ltd,"Oba Girls Road, Nsukka Enugu State",Enugu State,8035450173,3,Ian,Enugu
1041412,Vetland Intergrated Farm,Plot 1 Block 1 Oluseyi Cresent Felele Ibadan,Ibadan,8138660426,5,Peter,Ibadan / Oyo
1041413,George's Farm,"Plot 108, Karu Site Abuja",FCT Abuja,8037142953,4,Stephen,Abuja / FCT
1041414,Eugy Tiger Feeds Nig Co. Ltd,"Plot 22, Locatin Road, Oyibo, Port Harcourt",Rivers Port Harcourt,80573055231,3,Ian,Rivers / PH
1041415,De- Siwoz Farms,"No1, Skill close Off 5th avenue Rumuibekwe Estate,",Rivers State,8173632858,3,Ian,Rivers / PH
1041417,Ugonweze Farm,Abuja,FCT Abuja,8058299239,4,Stephen,Abuja / FCT
1041418,Trinity Farm Nassarrawa,Maraba Nassarrawa State,Nassarrawa,8036015659,4,Stephen,Nassarrawa
1041420,Adom Agro- Allied Feedmill,"Opposite Skye Bank, Monatan, Ibadan",Ibadan,8035661922,513,Godwin Esenyie,Ibadan / Oyo
1041421,Rizmut Farms,Ile Igbon Along Iyana Offa Road,Oyo State,8026550255,509,Folorunso Mark Eniola,Ibadan / Oyo
1041422,Aidobhese Global Resources Ltd,"No1, Aidogbhese Close, Eubomore, Ugbowo Benin City",Benin City,7081322718,3,Ian,Edo / Benin
1041423,Nidrum Farm,"Borikin, New Road, Sanfield Portharcourt",Rivers Port Harcourt,7060545607,3,Ian,Rivers / PH
1041424,Remmis Fish Feed,"Ogome Junction, Kwale, Delta State",Delta State,7032359219,311,Dr.Ogunwemimo Oluwole Leken,Delta State
1041425,Pouma - Trix Nig Ltd,Rumukrushi Pipeline NNDC Road Port harcourt Rivers,Port Harcourt Rivers,7081783216,3,Ian,Rivers / PH
1041426,Kadet delta state,"Mofor, Warri",Delta state.,8033438860,311,Dr.Ogunwemimo Oluwole Leken,Delta State
1041427,Adak Farms,"Adak Farms, Milling Industry Limited Adamawa Yolanda",Adamawa State,8160000218,407,Stephen Olushola,Adamawa State
1041428,House Tully Farm,"No1,F. O Kkweonu Street, Okpuno Beside Mano Hotel Awka",Anambra State,8032592240,322,Kingsley Ikenna,Anambra State
1041429,Mohaz Farms,"Umueze Ihiala, Anambra State",Anambra State,9031266507,3,Ian,Anambra State
1041430,Zayytun Intergrated Farm,"UDUS Road, Sokoto Sokoto State",Sokoto State,7031634444,407,Stephen Olushola,Sokoto State
1041431,Micheal Farm,"2Nd East Circular Road, Off Agbo Road,Benin City Edo",Benin Edo State,8035829632,3,Ian,Edo / Benin
1041432,Shakar Farm,"Opposite Church Hill, Badeku Jago Road Adekanra, Ona- Ara",Oyo State,8039293153,513,Godwin Esenyie,Ibadan / Oyo
1041433,El- Kurios Farm Ltd,"Ufuma, Anambra State",Anambra State,8052220220,5,Peter,Anambra State
1041435,Fexty Feedmill,"N068, Ifofin Ilesa, Osun State",Osun State,8061527941,509,Folorunso Mark Eniola,Osun State
1041436,Al- Rasa Nigeria Enterprises,"No1, Madawaki Estate Off Ibrahim Taiwo Road, Ilorin",Ilorin State,8039543533,512,Afolabi Michael Abolade,Ilorin / Kwara
1041437,Salco Ltd,"No6, Regina Omolara Street, Off Opebi Road,Ikeja, Lagos",Lagos,8033004944,605,Dr. Abdulazeez Abiodun Oyetungi,Lagos
1041438,Mc Daniel Farms,"NO19, OLuwagbotemi trreet, Atan Nla Ayobo Lagos",Lagos,8039523507,6,Mr Dayo,Lagos
1041439,Rico Gado Farm,Adamawa State,Adamawa State,8140324051,407,Stephen Olushola,Adamawa State
1041440,Moret Farm,"Km2, Iwofin Road, Ogbomosho Oyo State",Oyo State,7081052635,509,Folorunso Mark Eniola,Ibadan / Oyo
1041441,Techfama Nig.Ltd,"KM1, Iwofin Iresa Road Infinite,Ogbomosho Oyo State",Oyo State,8083521919,509,Folorunso Mark Eniola,Ibadan / Oyo
1041442,Lagbopefem Aquatic Ventures,"GB37, IloAtegunle Area, Ilo Ijesa Behind Yinka Oba Foam",Ilesa Osun State,8033505097,509,Folorunso Mark Eniola,Osun State
1041443,FEG Agro Farms Nig.Ltd,"Feg Base Camp, Emiola Village, Ijeda- Ijesa Osun State",Osun State,8060105083,509,Folorunso Mark Eniola,Osun State
1041444,OBF Farm,"Oja, Oyo Town Oyo State",Oyo State,8129901256,5,Peter,Ibadan / Oyo
1041445,Bersol Feeds,"No4/6 Kayode Adeleke Str, Oja Bus Stop Agbado Road,",Lagos State,8023158791,6,Mr Dayo,Lagos
1041446,Fab Feedmill,"No3,Atan, Ajayi Streeet, Ipaja Lagos",Lagos State,8178095972,5,Peter,Lagos
1041447,Agrofabol Farm & Mills,"Ondo Street, Off Oladun Idimu, Lagos State",Lagos State,8135617357,6,Mr Dayo,Lagos
1041448,Trans African Farms & Foods Limited,"NO35, Lantern Awolokun Street,Mafowoku Bus Stop Gbagada",Lagos State,8074008242,6,Mr Dayo,Lagos
1041449,Makakte Farm,"Agbowa Ikorodu Road, Lagos State",Lagos State,9053936813,6,Mr Dayo,Lagos
1041450,Arpaalis & Co Farm,"Unity Street, Beside Adeba Community Primary School Off,",Ibeju Lekki Epe Lagos State,9039365300,6,Mr Dayo,Lagos
1041451,Thompsonz Farms Ltd,Akwa Ibom Uyo State,Akwa Ibom,8032925284,3,Ian,Akwa Ibom
1041452,Calvary Multi Agro,Nsukka Enugu State,Nsukka Enugu State,8037680216,3,Ian,Enugu
1041454,Al Hilal Agro Services,"No5, Ogidan Quarters, Aso Rock Hotel road off localGovrt",Ogun State,8030735234,503,Tope,Ogun State
1041455,Bomka Feedmill,"Along Sabo, Ikorodu Lagos State",Lagos State,8028111124,508,Mr.Adekunle Damilola,Lagos
1041456,Paschal Monastery Farm,"Amorji Nike, Enugu",Enugu State,7035504778,5,Peter,Enugu
1041457,Mrs. Bamidele Distributor,"Saki, Oyo Beside Conoil Filling Station , Apinnite Oyo",Oyo State,8029911265,502,Ogundiran Elizabeth,Ibadan / Oyo
1041458,Evermore Feeds,"Relief Market, Owerri Imo State",Imo State,8037517894,3,Ian,Imo State
1041459,Luwasiji Bomi Farm,"Aba Oje Omi- Adio Apata, Ibadan",Ibadan,8120852148,508,Mr.Adekunle Damilola,Ibadan / Oyo
1041462,Jejama Farms,"Beside Nuismag Filling Station, Iresaapa , Ogbomosho Oyo",Ogbomosho Oyo State,7030511062,509,Folorunso Mark Eniola,Ibadan / Oyo
104148,Alao Farm Inv Comp. Ltd.,"Someke, Oode - Egba , Ogun State",Ogun State,8068147414,503,Tope,Ogun State
104149,Tope Bamidele Farm,"Plot7, Block 16 Oba Olowu Road, Ibara Housing Estate",Ogun State,8029443944,503,Tope,Ogun State
1041513,sayed farm,"Akala Expressway, Craig Ibadan",Ibadan,8158681166,5,Peter,Ibadan / Oyo
1041531,Emmanuel Feedmill,"Opposite Stanic Bank Iwo Road, Ibadan",Ibadan,8033191513,502,Ogundiran Elizabeth,Ibadan / Oyo
1041532,Kadijia Farm,Sokoto State,Sokoto State,8030538776,407,Stephen Olushola,Sokoto State
1041533,Rechabite Farms,"Sotunbo Sagamu, Ogun State",Ogun State,8083208339,501,Lateef,Ogun State
1041534,Golden Star Feeds,Kano State,Kano State,7037799159,407,Stephen Olushola,Kano
1041536,Food and Agricultural Intiative,Kuru Vom Jos,Jos State,8124259617,4,Stephen,Jos / Plateau
1041537,Apex Distributor,"Oluyole Industrial Estate Beside Obasanjo Farm, Ibadan",Ibadan,8036099341,509,Folorunso Mark Eniola,Ibadan / Oyo
1041538,Desmad,"KM20, Benin Sapele Road Benin City",Benin City,8037349795,3,Ian,Edo / Benin
1041539,Major and Majoress Feeds,"14, Seriki Street, Gbopa Eleyee- Eruwa Road, Ibadann.",Ibadan,8035517746,509,Folorunso Mark Eniola,Ibadan / Oyo
1041540,Goldstone Farms Limited,"Benin, Edo State",Benin Edo State,7052141189,3,Ian,Edo / Benin
1041541,Jalkaz Farm,"Behind Fufore Maternity Hospital, Yola Adamawa State",Adamawa State,8085503589,407,Stephen Olushola,Adamawa State
1041542,Boofa Farm,"No6, Gaji Road, Kaduna State",Kaduna State,8027773336,4,Stephen,Kaduna
1041544,Ohere Farms Ltd,"KM20, Lokoja Expressway, Okene Ekiti State",Ekiti State,8051571959,509,Folorunso Mark Eniola,Ekiti State
1041545,Mo' Ogbams Feedmill,"Km10, Lasu/Igando Expressway, Araromi Busstop, Igando",Lagos State,8035626528,606,Oladeji Simon Olabisi,Lagos
1041546,Ocean Feedmill,"Sabo, Market Ikorodu, Lagos State",Lagos,8037129412,508,Mr.Adekunle Damilola,Lagos
1041547,Davedane Farms,"Agege, Abathior , Lagos State",Lagos State,8099994016,5,Peter,Lagos
1041548,Grace Farm Lagos,Dandavstin Hill International Limited 2nd Poultry Road,Lagos State,9098510614,606,Oladeji Simon Olabisi,Lagos
1041550,Living Spring Farm,"Opp, Upper-room Ministry Ugwo Omu Nike Emene, Enugu State",Enugu State,7035749663,5,Peter,Enugu
1041551,T & K Feedmill,"Ikorodu Farm Settlement, Odogunyan",Lagos State,7019971912,605,Dr. Abdulazeez Abiodun Oyetungi,Lagos
1041552,Mummy Dammy Feedmill,"Ikorodu Farm Settlement, Lagos State",Lagos State,8023687932,605,Dr. Abdulazeez Abiodun Oyetungi,Lagos
1041553,Aramide Enterprises,"Sabo Market Ikorodu, Lagos State",Lagos State,8034701974,5,Peter,Lagos
1041554,Lasisi Olayemi Taiye Farms,"No53, Abu Quaters, Zaria Kaduna State",Kaduna State,7064324598,406,Dr.Ize Okeji,Kaduna
1041555,Akindele Farms,"NO10, Lodli One Orita Challenge Ibadan",Ibadan,7032632922,513,Godwin Esenyie,Ibadan / Oyo
1041557,Poultry Services,"NO1, Ibagwa Road, Nsukka Enugu State",Enugu State,8069560292,3,Ian,Enugu
1041558,Ajila Value Adding Ventures Ltd,"Ajila Cresent, Opposite Awe High School, Awe - Oyo State",Oyo State,8033664605,509,Folorunso Mark Eniola,Ibadan / Oyo
1041559,Peniel Agro- Industry Farm,"Opposite 202, House, Near Owode Police Station Ogbomosho",Oyo State,8060502945,509,Folorunso Mark Eniola,Ibadan / Oyo
1041560,Divine Agvet Ltd,"No8, Amuwo Street, Osun- Ibadan Road , Osun State",Osun State,8033740216,502,Ogundiran Elizabeth,Osun State
1041561,Yemtos Feeds,Asero Abeokuta Ogun State,Ogun State,8037171553,503,Tope,Ogun State
1041562,Globus Resources Limited,"49, Apapa - Oshodi Expressway, Agbara Industrial Estate",Lagos State,8060417078,6,Mr Dayo,Lagos
1041563,Pet Food Venture,"Agric Bus stop Lasu Gate , Seme Expresss Way Lagos State",Lagos State,8139570452,5,Peter,Lagos
1041564,Olubusola Foods And Agro Allied,"No1, Josiah Olusiji Street, Ajuwon Lagos",Lagos State,8032553074,6,Mr Dayo,Lagos
1041565,Neograce Int. Ventures,"Zone5, Owode, Gbongan- Osogbo Road, Osogbo - Osun State",Osun State,7086209208,509,Folorunso Mark Eniola,Osun State
1041566,Nedu Agro Venture,Agric Bus Stop Lasu Gate Seme Express Way Lagos State,Lagos State,8056169313,5,Peter,Lagos
1041567,Ricmonsam Continenta Ltd,"Umuezeani Amake Ngwo , 9th Miles, Enugu State",Enugu State,8037725137,3,Ian,Enugu
1041568,Festola Feeds,"NO9, Akute, Lagos State",Lagos State,8033451014,606,Oladeji Simon Olabisi,Lagos
1041569,Olabel Farms,"After Gateway, Stadium, Idogo Road, Ilaro Ogun State.",Ogun State,9086355096,605,Dr. Abdulazeez Abiodun Oyetungi,Ogun State
1041570,Jamat Agro Ventures,"Adetoun Village, Akanran Village Ibadan",Oyo State,8051304114,509,Folorunso Mark Eniola,Ibadan / Oyo
1041572,Jerry Pijay Farm,Kumbotso Kano State,Kano State,7033184170,407,Stephen Olushola,Kano
1041573,UEA Agro Allied Enterprise,"D137, Yan Buhu Katako Market Lavento Jos",Jos,8039245532,407,Stephen Olushola,Jos / Plateau
1041574,Abdulazeez Farm,"Kassarawa Village Sokoto, State",Sokoto State,8034593416,407,Stephen Olushola,Sokoto State
1041575,Bashiniv Investment Nig Ltd,"Plot1, Pacific Close, Off Oregun Road, Ojota , Lagos",Lagos State,9096505883,6,Mr Dayo,Lagos
1041576,Chick Tech,"Airport Road, Sokoto",Sokoto State,8034537443,407,Stephen Olushola,Sokoto State
1041577,Bola Farms Kaduna,"Rebson Agric Enterprise, Zaria Kaduna",Kaduna,8060759993,406,Dr.Ize Okeji,Kaduna
1041579,Frefa Investment Coy,Bayelsa State,Bayelsa State,7031514475,311,Dr.Ogunwemimo Oluwole Leken,Bayelsa State
1041580,Conoraz Farms,Amoki Nike Enugu State,Enugu State,8037061456,3,Ian,Enugu
1041581,Dot Poultry,"No23, Sango Otta Market, Along Atan Road Ogun State",Ogun State,8034176490,5,Peter,Ogun State
1041582,Stanglad Feedmill Ltd,"No1, Obianujuchukwu Close gasline busstop Matogun, Lagos",Lagos State,8036711657,606,Oladeji Simon Olabisi,Lagos
1041583,Okacha Farms,"Onuogba Junction, Nike, Enugu State",Enugu State,7036787165,322,Kingsley Ikenna,Enugu
1041584,Godwin Farm & Investment,"Zone 1, Powerline, Ikangba Ijebu- Ode Ogun State",Ogun State,8028015000,6,Mr Dayo,Ogun State
1041585,Micheal Farm Ekiti,Oke- Aro Ipako Ekiti State,Ekiti State,8033238916,509,Folorunso Mark Eniola,Ekiti State
1041586,Yinboo Farms,Idiruko rd. oposite intercontinenter disstiler,Lagos,8139284337,605,Dr. Abdulazeez Abiodun Oyetungi,Lagos
1041587,Zenab Agro Farm,"Opposite Obollo Hotel, Afor Nsukka, Enugu State",Enugu State,8107967711,3,Ian,Enugu
1041588,Rayuwa Farm,"Jankawa Village, Masaka Nasarrawa State",Nassarrawa State,8134917109,412,Eniolorunda Seun Emmanuel,Nassarrawa State
1041589,Daniel Echekwu Farm,Graceland Samaru Zaria State,Zaria State,8061663399,406,Dr.Ize Okeji,Kaduna
1041590,Glory Agrovet Center,"Station, Market Kaduna",Kaduna State,8062782230,4,Stephen,Kaduna
1041591,Stonehood Limited,KM4. Idi roko Road otta Ogun State,Ogun State,8023010238,6,Mr Dayo,Ogun State
1041592,Impeccable Geeva Global Resources,Total Busstop Omi- Adio Apata Ibadan,Ibadan,7081614111,5,Peter,Ibadan / Oyo
1041593,Deen Farm,"Airport Road, Kaduna State",Kaduna,7067777114,417,Fayemi Salamon Olushola,Kaduna
1041594,King's Vet Consult,"Omitoro, Igede Road, Ikorodu Lagos",Lagos State,8168621627,6,Mr Dayo,Lagos
1041596,Agroplus Pig Farm,"Amorji Nike, Enugu State",Enugu State,7064445754,3,Ian,Enugu
1041598,Modish Integrated,"Asadam, Road, Ilorin",Ilorin State,8036402757,512,Afolabi Michael Abolade,Ilorin / Kwara
1041599,Obingwa Farmers,"Obingwa, Aba Abia State",Abia State,8167437283,3,Ian,Abia State
1041600,Vintage Integrated Agritech,"Alizomor Road, Boji Owa Agbor, Delta State",Delta State,8061644893,3,Ian,Delta State
1041601,Dessedirabe Farms,"Opposite Afcott Nigeria Plc, Adamawa Yola State",Adamawa Yola State,8167673433,407,Stephen Olushola,Adamawa Yola State
1041602,Dasolag feedmill enterprise,opposite railway station kaduna,kaduna,8061609996,406,Dr.Ize Okeji,Kaduna
1041603,Elshaddai Obanioluwa Farm,"Oduduwa Way, GRA Ikeja Lagos State",Lagos State,7067221865,6,Mr Dayo,Lagos
1041604,Efugo Farm,"Kuje,Gwagwalada Road, Abuja",FCT Abuja,8026632118,412,Eniolorunda Seun Emmanuel,Abuja / FCT
1041606,Nagwamatse Farm,Zamfara State,Zamfara State,8064991987,407,Stephen Olushola,Zamfara State
1041608,Maro Farm,"Port Harcourt, Warri Delta State",Delta State,8064163470,311,Dr.Ogunwemimo Oluwole Leken,Delta State
1041609,Farmers Gate,Agbara Industrial Express Lagos State,Lagos State,8139570452,5,Peter,Lagos
1041610,Jayesimi Farm,"NO2, Odusanya Street, Off Ade Alatise , Imowo Ijebu- Ode",Ogun State,8160414856,509,Folorunso Mark Eniola,Ogun State
1041611,Aidyl Farms,"Karu, FCT Abuja",Abuja,8032494380,412,Eniolorunda Seun Emmanuel,Abuja / FCT
1041612,K2 Feedmill,Ondo Akure Express WAY Ondo State,Ondo State,8042389624,605,Dr. Abdulazeez Abiodun Oyetungi,Ondo State
1041613,Divine Goboscum Nig,"Government House, Umuahia Abia State",Abia State,8107869698,3,Ian,Abia State
1041615,Poultry Unite,Gidan Kaji Tashan Dukku Gombe Gombe State,Gombe State,8064085615,407,Stephen Olushola,Gombe State
1041616,Quazy global limeted,epe lagos abule perapi astate,lagos,8033084079,5,Peter,Lagos
1041617,Big Dog Enterprise,"NO3,Atan Lane, Uyo Akwa - Ibom State",Akwa- Ibom State,8035435864,3,Ian,Akwa- Ibom State
1041618,A- Z Agro Allied Investment,"Iwata, Ijebu- Ode Ogun State",Ogun State,8035181819,501,Lateef,Ogun State
1041619,Pearl Agric,Kaduna State,Kaduna,8069074542,4,Stephen,Kaduna
1041621,Eco Green Kaduna,Jere Along Abuja Road FCT Abuja,FCT Abuja,70338415670,407,Stephen Olushola,Abuja / FCT
1041622,Aqua Feed Solution,"NNPC Road, Kaduna State",Kaduna State,8028406238,4,Stephen,Kaduna
1041623,Abim Farm,"Asadam, Ilorin",Ilorin,9025698822,502,Ogundiran Elizabeth,Ilorin / Kwara
1041624,Fish Feed Factory,"Behind Shoprite Complex, Navy Yard Effurum, Delta State",Delta State,7052610715,311,Dr.Ogunwemimo Oluwole Leken,Delta State
1041625,Afripheed Integrated Farms,"KM10, Eleweeran, Ede Road, Ile- Ife Road Osun State",Osun State,7037943264,5,Peter,Osun State
1041626,Beodale Fish Farm,"No12, Numa St Of Odibo St, Warri, Delta State",Delta State,8074249087,311,Dr.Ogunwemimo Oluwole Leken,Delta State
1041627,Elohim Feed,"Azikoro, Yenogoa Bayelsa State",Bayelsa State,8039572207,3,Ian,Bayelsa State
1041628,Aslam Agric Venture,"Shop No2, Kalambaina Road, Opp. Bashariyya Filling",Sokoto State,7039181728,407,Stephen Olushola,Sokoto State
1041629,Amijapp Farm,"Pai Road, Abuja FCT",FCT Abuja,8067725944,412,Eniolorunda Seun Emmanuel,Abuja / FCT
1041630,Holy Cross Monastery Farm,"Illah, Delta State",Delta State,8109706066,311,Dr.Ogunwemimo Oluwole Leken,Delta State
1041631,Trios Farm,"N0 4, R- Sodipo Street, Gbonagun Odo- Eran Abeokuta, Ogun",Ogun State,8032768768,5,Peter,Ogun State
1041632,Greenleed Ventures,"NO36, Sawmill Road Ijebu- Mushin , Ijebu Ogun State",Ogun State,7055663354,6,Mr Dayo,Ogun State
1041634,My Victoria Farms & Agro Allied Industry,"KM9, Umuahia - Aba Expressway Ntigba, Abia State",Abia State,8086078792,3,Ian,Abia State
1041635,Toaa System Ventures,"Directly Opposite, Begonia Hotel, Ilora Ilora Oyo State","Ilora , Oyo State",8069107512,509,Folorunso Mark Eniola,Ibadan / Oyo
1041636,Cistercian Monastery Farm,"Ahwum,Enugu State",Enugu State,8103372395,322,Kingsley Ikenna,Enugu
1041637,Diatek Agro Farms,"Off PAN Secretariat, Iyana Ajia, Egbeda, Ibadan",Oyo State,8032383876,513,Godwin Esenyie,Ibadan / Oyo
1041638,A & K Farms,"Sauka, Airport Road Abuja.",Abuja,8033505996,412,Eniolorunda Seun Emmanuel,Abuja / FCT
1041639,Bakare Farm,Abuja Express Way Kaduna,Kaduna State,8035738092,4,Stephen,Kaduna
1041640,Bakrey Global Feeds,Plot1 New Epe Garage Beside Aje Market Ijebu Ode Ogun,Ogun State,8027496949,501,Lateef,Ogun State
1041641,Surame Farm,"Along Argungu SokotoRoad, Kebbi State",Kebbi State,8035545718,407,Stephen Olushola,Kebbi State
1041642,Timothy Farm,"AbujaRoad, Kaduna",Kaduna State,8134166375,4,Stephen,Kaduna
1041643,Rumbum kifi farms,"Dorayi,kano",kano state,8132977474,407,Stephen Olushola,Kano
1041644,Ekom Farm,Cross River State,Cross River State,8032158104,3,Ian,Cross River State
1041647,Tomiwa Feedmill,"Shotomiwa Qudus, No11, Awobajo Street Gbaga Bus Stop",Lagos State,8139570635,6,Mr Dayo,Lagos
1041648,Lish Enterprise Ltd,"NO153, MM Benin City Edo State",Edo State,8065778036,3,Ian,Edo / Benin
1041649,Grandpa Farm Ltd,"Effurun- Otor, Ughelli Delta State",Delta State,8034074620,3,Ian,Delta State
1041650,Aloid Agrotech Ltd,"218, Iju Road, Iju Ishaga Lagos",Lagos State,8033746264,6,Mr Dayo,Lagos
1041651,Protanex Gold limeted,3 ikogosi street ijapo estate akure,akure,8091197599,5,Peter,Ondo State
1041652,Testimony Vet,"245 MM Way, Benin City",Edo State,7034407831,3150,Agashi Anslem Oyekachi,Edo / Benin
1041653,Sul-bam nigeria ltd,"KM 10 OGBOMOSO ILORIN OLD EXPRESSWAY, ARAROMI VILLAGE",OYO,8034804429,509,Folorunso Mark Eniola,Ibadan / Oyo
1041655,Uwadiale Farm Agro Allied Company Limited,"148, New Lagos Road, Benin City",Benin City,8033746022,3,Ian,Edo / Benin
1041656,Damjoy Ventures,"Iyana Church Area, Along Iwo Road Oyo State",Oyo State,8034545581,5,Peter,Ibadan / Oyo
1041657,Karshi Farm,"Abuja Express Way, Kagarko L.G.A, Kaduna. Kaduna State",Kaduna State,9025255154,407,Stephen Olushola,Kaduna
1041658,Crown Vet Agro,"No14 Aweto Shopping Complex Tank Junction, Rumukwurushi",Rivers state,8030469477,3,Ian,Rivers / PH
1041659,Faraba Investment,"Mando, Kaduna State",Kaduna State,7036819401,4,Stephen,Kaduna
1041660,Influence Glowlite Inv.,"NO181, AKA Etinan Road, Mbierebe Obio Uyo Makurdi State",Makurdi State,8120760688,3,Ian,Makurdi State
1041661,Owoade Farms,"Ori Eru Area, Iwo Osun State",Osun State,8034118158,5,Peter,Osun State
1041662,Emmanuel Feeds Ibadan,"Wofun Olodo Area, Ibadan Oyo Stat",Ibadan,9034678922,513,Godwin Esenyie,Ibadan / Oyo
1041663,Semekuli Farms,"Sapele , Benin Edo State",Edo State,8034697282,311,Dr.Ogunwemimo Oluwole Leken,Edo / Benin
1041664,Nagge Investment,"Km5, Along Funtua- Bakori Road, Funtua, Kastina State",Kastina State,8039362657,406,Dr.Ize Okeji,Kastina State
1041665,Sehis Agro,"Plot160, East West Road, Opposite Brainfield School",Portharcourt Rivers State,9022541225,3,Ian,Rivers / PH
1041666,Gabchucks Farm,Onitsha,Onitsha,8061292085,3,Ian,Onitsha
1041667,Yedama Livestock Farm,"No16 Gboloranmi Close, Bodija Ibadan",Ibadan,8033815521,6,Mr Dayo,Ibadan / Oyo
1041668,Godliness Feedmill,"Along Bank Road, Olodo Ibadan",Ibadan,8033250323,513,Godwin Esenyie,Ibadan / Oyo
1041669,MAtlat resource ltd,no5 ifeola olagunju street off iyana churth area,ibadan,8033350030,6,Mr Dayo,Ibadan / Oyo
104167,Animal Care,Ogere Lagos Ibadan Expressway Ogun State,Ijebu-Ode,8056293097,5,Peter,Ijebu-Ode
1041670,Qwehbenkh Enterprise,"Emene, Enugu State",Enugu State,8034050377,3,Ian,Enugu
1041671,Jmages Farms,Oluyole Estate Ibadan,Oluyole Estate Ibadan,7088654326,5,Peter,Ibadan / Oyo
1041672,Cacc Farm Ltd,"173, Emechris Sunrise Estate , Emene Enugu State",Enugu State,7056501296,3,Ian,Enugu
1041674,Nemak Vet Konsult,Opposite Maryland Estate Enugu,Enugu,8035999783,3,Ian,Enugu
1041675,Best Eerest Feedmill,"Ikorodu, Lagos State",Lagos State,7067221869,508,Mr.Adekunle Damilola,Lagos
1041677,Ologo Farms & Feedmill,"No1, Liberty Guest Inn, Imowow, Ijebu Ode Beside Alatise","Ijebu, Ogun State",8034275442,509,Folorunso Mark Eniola,Ogun State
1041678,Onos Farm,"Warri, Delta State",Delta State,8051304369,311,Dr.Ogunwemimo Oluwole Leken,Delta State
1041681,Oharisi Farm,Ughelli Delta State,Ughelli,8023848715,311,Dr.Ogunwemimo Oluwole Leken,Delta State
1041683,Beloved Farm,"Awe, Ijado Road Aba Dapo Village Oyo Town",Oyo Town,8062655526,5,Peter,Ibadan / Oyo
1041684,Agromall West Africa,Owerri Imo State,Imo State,7083120552,3,Ian,Imo State
1041686,Grace Land,Zaria Kaduna State,Kaduna State,812617998,406,Dr.Ize Okeji,Kaduna
1041687,Best Buy Ventures,Opposite Arcdem Iyana Church Monatan Ibadanl,Ibadan,8164117711,5,Peter,Ibadan / Oyo
1041688,B. W Vet,Opposite Ajibode Junction Inside Adom Building Complex,Ibadan,8056047487,513,Godwin Esenyie,Ibadan / Oyo
1041689,Tiaqoze Farms,"Oke oyo, Ejigbo , Osun State",Osun State,8057784917,509,Folorunso Mark Eniola,Osun State
104169,Emmanuel Farms Limited,"Jiboye Village Omi- Adio Ibadan , Oyo State",Ibadan,7082052008,513,Godwin Esenyie,Ibadan / Oyo
1041690,Kush Farm Integrated Service Ltd,"Behind Bigmali Masaka, Nassarrawa State",Masaka Nassarrawa State,8065341322,412,Eniolorunda Seun Emmanuel,Masaka Nassarrawa State
1041691,Fimihan Agricultural Services Limited,"Abeokuta Road, Iyana Adei Bussutop Balogun Village Odeda",Abeokuta Ogun State,8030549597,503,Tope,Ogun State
1041692,M & N Agricultural And Allied Products Ltd,"Leleya, Kwali Area Council Abuja",FCT Abuja,8065240821,412,Eniolorunda Seun Emmanuel,Abuja / FCT
1041693,Savanah Feed-kano,"N0.59, Magada Road, Kano",Kano State,8035872279,407,Stephen Olushola,Kano
1041694,Maiwaje Farm,Nufawa Kano State,Kano State,8036363944,407,Stephen Olushola,Kano
1041695,Happy Chicken,"KM12, Opposite Ratcon Lagos Ibadan Road, Ibadan Oyo State",Oyo State,9073992082,5,Peter,Ibadan / Oyo
1041696,Samrose Farm,"Oke- Atan, Ile - Ife Ilode Junction Osun State",Osun State,8035016148,502,Ogundiran Elizabeth,Osun State
1041698,Quality Farms,"Warri, Delta State",Delta State,8062414528,311,Dr.Ogunwemimo Oluwole Leken,Delta State
1041699,Osas Feedmill,"Akufo Farm Settlement, Along Eruwa Road, Oyo State","Eruwa, Oyo State",7085677883,509,Folorunso Mark Eniola,Ibadan / Oyo
104170,AMO BYNG Nig Ltd,Awe Oyo Town Oyo State,Oyo Town,8035822510,6,Mr Dayo,Ibadan / Oyo
1041700,Ajilesoro Farms,"Ibadan - Iwo Express Road Lagun , Akanakan Villiagek",Oyo State,8030629991,509,Folorunso Mark Eniola,Ibadan / Oyo
1041701,Breezes Of Excellence,"Round About Via Mowe , Lagos State",Lagos State,8039718816,5,Peter,Lagos
1041702,Kings Group,"Ogume junction, Kwale Delta State",Delta State,8037386845,3,Ian,Delta State
1041703,Nunu Farms,"Sapele, Delta State",Delta State,8032627974,311,Dr.Ogunwemimo Oluwole Leken,Delta State
1041704,T.S Farms,"Sagamu Road, Odogunyan Ikorodu Lagos State",Lagos State,8072541457,605,Dr. Abdulazeez Abiodun Oyetungi,Lagos
1041705,Citizen Of Jehovah Nig. Ltd,"No56, Sassa Road, Adikpo Benue State",Benue State,9038359920,5,Peter,Benue State
1041706,Purple Rain Farm Ltd,"Dafara, Kuje Abuja",FCT Abuja,8033119193,412,Eniolorunda Seun Emmanuel,Abuja / FCT
1041707,Folja Global Multiconcept,"NO4, Odo - Ona Nla Off Craig Idi- Ayunre Ibadan",Ibadan,80388951141,5,Peter,Ibadan / Oyo
1041708,Olomu Farms Limted,"Oke-Iyapo 1, Kwara Ilorin",Ilorin,8064732268,502,Ogundiran Elizabeth,Ilorin / Kwara
1041709,Ola Farm,"Imo, Owerri State",Owerri State,90547727533,3,Ian,Owerri State
1041710,Catchet Agro Allied,"Federal Housing Estate, Nyanya Abuja",Abuja,9073515197,412,Eniolorunda Seun Emmanuel,Abuja / FCT
1041712,Excellence Feeds,"Express Kaduna, Kaduna State",Kaduna State,8036984485,407,Stephen Olushola,Kaduna
1041714,Fast Track Farm,Olushokun Moniya Area Ojo Ibadan,Ibadan,8062728593,5,Peter,Ibadan / Oyo
1041715,Power Agro Rich Farm Resources Ltd,"Behind Guata Primary School, Keffi Nassarrawa State",Nassarrawa State,8165558425,4,Stephen,Nassarrawa State
1041716,Visionnet Biz Ventures,"Orisunbare Wire and Cable Omi- Adio Apata, Ibadan",Ibadan,8032615429,5,Peter,Ibadan / Oyo
1041718,Park Agrotech Limited Ghana,"Accra, Ghana",Ghana,233501398980,5,Peter,Ghana
1041719,El- Elohim Farm,"Olpe Meji, Off Epe- Ajah Express Road Lagos State",Lagos State,7034967151,508,Mr.Adekunle Damilola,Lagos
1041720,Unfailing Vet Services,"75, Aka Road, Uyo State",Uyo State,8178103619,3,Ian,Uyo State
1041721,Ayotunde Integrated Agric,"Idi Omo Igbo- Oloyin Road, Oojo Ibadan",Ibadan,8055952394,512,Afolabi Michael Abolade,Ibadan / Oyo
1041722,Arezt Farm,Ubulu Okiti Delta State Beside City of Hope Obadiah,Delta State,8063129696,3,Ian,Delta State
1041723,Unique Farms,Ajesan Market Oyo Town Oyo State,Oyo State,8147247429,509,Folorunso Mark Eniola,Ibadan / Oyo
1041724,Greenspace Farm,Otunba Village Near Isiun Abeokuta Ogun State,Ogun State,9062888494,501,Lateef,Ogun State
1041725,Basil Tete Farms,"No86,Ajay Road, Ogba Lagos State",Lagos State,8033234170,5,Peter,Lagos
1041726,Admusha nig . ltd,"Gagba phase 2 Sango area , Ilorin. Kwara state",Kwara State,9067132417,508,Mr.Adekunle Damilola,Ilorin / Kwara
1041727,Vertex Enterprises,"Ring Road, Ibadan Oyo State",Ibadan,8106669999,501,Lateef,Ibadan / Oyo
1041728,Facco Feeds,"Km29, Lagos- Abeokuta, Expressway Meiran, Lagos",Lagos,7030908071,6,Mr Dayo,Lagos
1041730,Annazeef Farm,"Behind, Sheik Jafar, Mohammed Gombe Yobe",Yobe Farm,80867224444,4,Stephen,Yobe Farm
1041732,Agoba Mitaire Farm,"Sapele, Town Delta State",Delta State,8100369575,311,Dr.Ogunwemimo Oluwole Leken,Delta State
1041733,Great Enocom Global Ventures,"Opposite, Oreofe Baptist Church Ajiga Filling Station",Oyo Town,813121302,509,Folorunso Mark Eniola,Ibadan / Oyo
1041734,Ajeoluwa Fish Farm,"No6, Anuoluwapo Street, Ashimolowo Mowe Lagos",Mowe Lagos,8164460808,6,Mr Dayo,Lagos
1041735,Still Waters Farm,"Near Sagamu, Owode Egba Ogun State",lagos,8034880333,508,Mr.Adekunle Damilola,Lagos
1041736,New Hope Agriculture And Technology Nig. Ltd,"No1, Logbara Village Obafemi/ Owode Local Govrt, Sagamu",Ogun State,7036638209,6,Mr Dayo,Ogun State
1041737,A.B.S Farm,Mabera Salame Area Sokoto State,Sokoto State,8136363434,407,Stephen Olushola,Sokoto State
1041738,Almod - Dega Nig Ltd,"Isheri - Oshun, Alimosho Lagos",Lagos,8035717374,5,Peter,Lagos
1041739,Warri Elia TJ farm,"Navy yard warri behind shoprite , warri town delta state",delta state,8055136507,311,Dr.Ogunwemimo Oluwole Leken,Delta State
1041740,GIEA Integrated Farm,Awka South L.G.A Anambra State,Anambra State,7038367640,3,Ian,Anambra State
1041741,Oakven Vetrinary Consultant,"Along Ife - Express Alakia, Ibadan",Ibadan,8033264147,513,Godwin Esenyie,Ibadan / Oyo
1041742,Ranozie Farm,9,Ogun State,8029667660,5110,Mr.Emmanuel Adewale Daramola,Ogun State
1041744,Godstime Poultry Farm,"UGEP Yakkure, LGA Crossriver State",Cross River State,8137787754,3,Ian,Cross River State
1041745,Almis Enterprises,"Shpo2, Obanta Shopping Complex Ketu Lagos State",Lagos State,8139454931,508,Mr.Adekunle Damilola,Lagos
1041747,Edachie Farm,"OffVom Road, NVRI Vom, Jos",JOS,8037024295,407,Stephen Olushola,Jos / Plateau
1041748,Makal Farms,"Ochie Road, Opposite Saint Joseph College Vom, Jos",Jos,8034612525,407,Stephen Olushola,Jos / Plateau
1041749,Arinze Farm,"Nnamdi Azikwe Express Road, Kaduna State",Kaduna State,8028443912,4,Stephen,Kaduna
1041750,Isiaku Agro Service,"No9, Afijumo Street Mile 12, Lagos State",Lagos State,8103565126,508,Mr.Adekunle Damilola,Lagos
1041751,Adisa Farm,"NVRI, Vom Jos State",Jos,7038902587,407,Stephen Olushola,Jos / Plateau
1041752,Mac Farm,"Vo, Off Ochie Road NVRI Jos",Jos State,8022060596,407,Stephen Olushola,Jos / Plateau
1041753,Maco Feeds Limited,Eleme Junction. Igbo Etche Road By Police Check Point,Rivers State,8110361741,3,Ian,Rivers / PH
1041754,Ceco Farms,Aminal Science Department Nsukka,Nsukka,8134375229,3,Ian,Enugu
1041755,Omojilani Farm,"Abule Ododo Off Papa Ilaro Road, Ogun State",Ogun State,8135798083,508,Mr.Adekunle Damilola,Ogun State
1041756,Forth Worth Farm,Feminist Obadine Sango Lagos,Lagos,8035631299,508,Mr.Adekunle Damilola,Lagos
1041757,Shalom Poultry Farm,"Back Aluma Oil Filling Station Premises, Expressway ,",Jos,8036930112,407,Stephen Olushola,Jos / Plateau
1041758,Aba Agro Products,Benin State,Benin State,9030699003,3,Ian,Edo / Benin
1041759,Executive Feeds,"Plot 9, Odo- Ona Kekere Ibadan",Ibadan,8062978080,513,Godwin Esenyie,Ibadan / Oyo
1041760,Rehoboth Farm,"Along Epe Ajah Express Roadd, Lagos State",Lagos State,8174594912,508,Mr.Adekunle Damilola,Lagos
1041761,Bobski Farm,"Gurku Street Mararaba, Nassarawa State",Nassarawa State,7033525391,412,Eniolorunda Seun Emmanuel,Nassarawa State
1041762,Tegazin Enterprises,"Km1, Dsc Roundabout Pot- Harcourt Rd Warri, Delta State",Delta State,8037169994,3,Ian,Delta State
1041763,Olugbon Feed & Agro- Allied Processing,"Behind Afijio Local Government Sec, Jobele Oyo, oYO sTATE",Oyo State,7069282097,509,Folorunso Mark Eniola,Ibadan / Oyo
1041764,Sunny Nao Pultry Farm,Shen Village Jos,Jos State,8033964640,407,Stephen Olushola,Jos / Plateau
1041765,Daddio'sFarm Nig Ltd,"Umuahia, Abia State",Abia State,7035924540,322,Kingsley Ikenna,Abia State
1041766,Genius Dairy Farms,"KM4, Off Iseyin Roa Iseyin Oyo State",Oyo State,8035805908,509,Folorunso Mark Eniola,Ibadan / Oyo
1041767,Afrimash Nigeria,"Ground Flour, Freedom House, General Gas Junction Akobo,",Ibadan,8082808271,513,Godwin Esenyie,Ibadan / Oyo
1041768,El- Shaddai Agric Ibadan,"NO5, Agbo Olaleye Street, Academy Bus stop Iwo- Road,",Ibadan,8033635775,5,Peter,Ibadan / Oyo
1041769,Albarka Agrovet & Poultry Feed,"Kofar Guga Roa Opposite Yalo House, Muritala Mohammed",Kastina State,8032087474,407,Stephen Olushola,Kastina State
1041770,Latter Rain Veterinary Services,"N011, Shell Roa, Off New Ogorode Road, Sapele, Delta",Delta State,8030739875,3,Ian,Delta State
1041771,Sumed Livestock Services,"Km20, Photacourt Aba Express Road, Ibiere Port Harcourt",Port Harcourt,8037965641,3,Ian,Rivers / PH
1041772,Lan- Idles Farms,"No4, Soji Oyedele Street, Church Busstop Okerube, Lagos",Lagos State,7083244410,6,Mr Dayo,Lagos
1041774,Danfodio Agric Allied,"Railway Station , Kaduna State",Kaduna State,7033377771,4,Stephen,Kaduna
1041776,God Is God Fish Farm,"NO31 & 45 Akin Coka Owoduni Liasu Road, Lagos State",Lagos State,7063008544,6,Mr Dayo,Lagos
1041777,Psalmist Agrovet,"No2, Sarki Street Mahuta Sabo, Kaduna State",Kaduna State,8062372675,4,Stephen,Kaduna
1041778,Turkey City And Agro Allied Farms,"Oguwole Village, Idi- Iroko Off Akala Express Road",Ibadan,8033205185,512,Afolabi Michael Abolade,Ibadan / Oyo
1041780,Natural Resources Development Farm,"KM13, Ugboli- Illah Road, Ugbolu Delta State",Delta State,8134976687,3,Ian,Delta State
1041781,Taro Agric Consulting,"Erefe Junction, Ilei Fe Osun State",Osun State,9070437609,509,Folorunso Mark Eniola,Osun State
1041782,Gamji Global Farm,after NACOP and lafarge cement depot tildin fulani bauchi,jos,8030535320,407,Stephen Olushola,Jos / Plateau
1041783,sinom farm,Ngwo enugu state,enugu state,80653621070,3,Ian,Enugu
1041785,dele esan farms,along the road odeda,abeokuta,8035880155,503,Tope,Abeokuta
1041786,FC & Tortsman,"No 11&13 Ochendo Road Aba, Abia State",Abia State,8036724047,3,Ian,Abia State
1041787,G. B Agro Allied Farm,"Pasali Kuje Area Council, Abuja",Abuja,9055026469,412,Eniolorunda Seun Emmanuel,Abuja / FCT
1041788,Royal Roots Agro Vet Service,"Opposite Sawmill Area, Itamaja Ikorodu Lagos",Lagos State,8053409718,5,Peter,Lagos
1041790,Springs Feedmill,"NO2, Razak Shonubi Stret Itamaga Ikorodu Lagos State",Lagos State,9067166871,508,Mr.Adekunle Damilola,Lagos
1041791,Mukas Farms,"OgijuMayor Busstop,Opposite Five Star Cement Sango Lagos",Lagos,8033820908,5,Peter,Lagos
1041792,Two Brothers Zaris,"Sokoto Road By PZ, Zaria Kaduna State",Kaduna State,8099220112,406,Dr.Ize Okeji,Kaduna
1041793,Amtech Agro Turnkey Co.Ltd,"22, East West Road, Rumukwurushi Prt Harcourt",Port Harcourt,7034443737,3,Ian,Rivers / PH
1041794,Courage Chicks farm,"Ijaiye-Iseyin road, Ibadan",Ibadan,7039793901,512,Afolabi Michael Abolade,Ibadan / Oyo
1041795,Adamu Agrovet,"Station market , Kaduna",Kaduna,8034266051,4,Stephen,Kaduna
1041796,Samdor Associates,"No6, Enilobo Cloe Arida Busustop UBA bANK lAGOS",Lagos,8037138321,5,Peter,Lagos
1041797,Sunhills Farm,"No7, Prowork Boulevard, Topp Rayfield Jos",Jos,8037211785,407,Stephen Olushola,Jos / Plateau
1041799,Faith Farm,"Oke Aro Piggery, Lagos State",Lagos State,7056021012,5,Peter,Lagos
1041800,Thesmod Company Ltd,"No22, Ibesikpo Street, Uyo Akwa Ibom State",Akwa Ibom State,7038850894,3,Ian,Akwa Ibom State
1041801,Divine Rina Farm,"Ugbolu,Asaba, Delta State",Delta State,8180642700,3,Ian,Delta State
1041802,Jarael Farms Ltd,"No15, Uwanfo Close Off, Nora Silverbird Road Off Uselu",Edo Benin State,8126278859,3,Ian,Edo / Benin
1041803,Tsagero Farm,Mani Road Katsina State,Katsina State,8032080902,407,Stephen Olushola,Katsina State
1041804,Jofez Agro,"Benson Plaza by KP Junction Ogidi, Anambra state",Anambra State,8108887841,3,Ian,Anambra State
1041805,Emmppek Farm,Eku/ Abraka Road Delta State,Delta State,8037031243,311,Dr.Ogunwemimo Oluwole Leken,Delta State
1041806,Lubrigold Farm,"Ketu Epe Road, Ogun State",Ogun State,8137220358,503,Tope,Ogun State
1041808,Naaka Farm Gusau,"Tsafe Gusau Road, Zamfara State",Zamfara State,7038393372,407,Stephen Olushola,Zamfara State
1041809,Ezekiel Farm Kaduna,"Halima Crescent, Kaduna State",Kaduna State,7066126922,4,Stephen,Kaduna
104181,Zenith Feedmills,"Opp. Western Hotel, P/H-Owerri Road PHC.",Portharcourt,9090695821,3,Ian,Rivers / PH
1041810,Dala Farm,"KM12, Kaduna Kachia Road, Opp NNPC Quarters, Kaduna State",Kaduna State,8181262115,4,Stephen,Kaduna
1041811,Nnkemakolam Farm,"Sunrise Estate Emene, Enugu State",Enugu State,8033380826,3,Ian,Enugu
1041813,CV3 Farm,"Abraka, Delta State",Delta State,8052378735,311,Dr.Ogunwemimo Oluwole Leken,Delta State
1041814,Mari Vet Clinic,"Zaramaganda Shopping Plaza, Buruku Expressway, Jos",Jos State,8069537386,407,Stephen Olushola,Jos / Plateau
1041815,Farmer Choice,Kumboso Kano State,Kano State,8035687671,407,Stephen Olushola,Kano
1041816,Totmak Farmers Centre,"Total Filling Station, By Arigbajo Lagos Abeokuta Ifo,",Ogun State,8037272478,513,Godwin Esenyie,Ogun State
1041817,Mighty Vet & Agro Consult,"Leadway Estate Mowe, Ogun State",Ogun State,8034813441,605,Dr. Abdulazeez Abiodun Oyetungi,Ogun State
1041818,Kings Care Agro Allied Venture,"KM4, Old Kano Road, Basawa Zaria",Zaria,8065158698,406,Dr.Ize Okeji,Kaduna
1041819,Adibe Somtochukwu Daniel- superior,"Nsukka, Enugu State",Enugu State,8064814650,3,Ian,Enugu
1041821,Topnotch Integrated Farms,"Ado Azunu, Karu LGA, Nassarawa State",Nassarawa State,8035638941,412,Eniolorunda Seun Emmanuel,Nassarawa State
1041822,First Aim Agro Allied,"Ajara Along Olorunda Abaa Road, Akobo Ibadan.",Ibadan,7033346404,509,Folorunso Mark Eniola,Ibadan / Oyo
1041824,Feligold Integrated Farms Ltd,"KM5, Saminaka- Jos Road, Lere LGA Kaduna State",Kaduna State,7081840400,4,Stephen,Kaduna
1041825,Totmut Farm and Animal Health Limited,No1 Irewe Aba Ijebu Ode Ogun Statek,Ogun State,8088313033,5,Peter,Ogun State
1041826,Duroba Farms,"KM, Idiroko Road, Idedo President Paint Busstop, Sango",Lagos State,7036226269,606,Oladeji Simon Olabisi,Lagos
1041827,Roffa Farms,"NO19, Zone B Agala Street Ikire , Osun State",Osun State,8034711077,509,Folorunso Mark Eniola,Osun State
1041828,Jameka Agrik Services Ltd,"NO1, Kachia Road, Opp Jumaat Mosque , Kaduna South Kaduna",Kaduna State,8174351325,4,Stephen,Kaduna
1041829,Pokal Farm,"Ughelli, Delta State",Delta State,7055710403,311,Dr.Ogunwemimo Oluwole Leken,Delta State
104183,A-kaz Farm,"Along Iddo Road, Papa Village Before Road Safety Office",Oyo State,8035426915,501,Lateef,Ibadan / Oyo
1041830,Springs Farm Kaduna,"Birnin Yero, Along Jaji Road , Kaduna State",Kaduna State,8038493087,406,Dr.Ize Okeji,Kaduna
1041832,Juan Sano Farms,"Ondo Street Council, Bustop Idimu Lagos",Lagos State,7063825063,5,Peter,Lagos
1041833,BYK Agricultural Industry Ltd,"Ijebu -ode, Ogun State",Ogun State,8139995974,501,Lateef,Ogun State
1041834,Ase Oluwa Global Ventures,"Okediji Area, Oluwatedo Road, Ilora Oyo State",Oyo State,8037222745,509,Folorunso Mark Eniola,Ibadan / Oyo
1041835,Archive Farm,"Plot 52, Itoko Road Abata Village Osiele Abeokuta Ogun",Ogun State,8035321258,503,Tope,Ogun State
1041837,Jayeola Farms,"Ijebu, Iwuro, Ogun State",Ogun State,9033471604,501,Lateef,Ogun State
1041838,Lady Diamond Feedmills,"Behind Katako Police Station, Katako Jos",Jos,7032234227,407,Stephen Olushola,Jos / Plateau
104184,Dynamic Farm,Owode Estate,Ibadan,8055224992,5,Peter,Ibadan / Oyo
1041840,Joy Farm,"Olakwu, Owerri, Imo State",Imo State,8062385366,3,Ian,Imo State
1041841,Destiny agro $ allied services,off borricamp mammy market portharcourt river state,portharcourt,8160518672,3,Ian,Rivers / PH
1041842,Ileri Oluwa Farm,"NOC3, Pagun Olubo Estate Olodo, Ibadan",Ibadan,8038255496,508,Mr.Adekunle Damilola,Ibadan / Oyo
1041843,EM Poultry Farm,"Agric Irepo, Badagry Lagos",Lagos State,7032144195,5,Peter,Lagos
1041845,IBNROSHEED Livestokonsult,"No. 6, Abiona street, Ibikunle Area, Oshogbo, Osun state",Oshogbo,7034278525,509,Folorunso Mark Eniola,Osun State
1041846,O & J,Odjikpata layout Orhuwhorun Town,Warri,8060081326,3,Ian,Delta State
1041847,BaqiTeqi Farm,"No. 63 Zone B, Temidire Estate, Ologuneru.",Ibadan,7062230006,509,Folorunso Mark Eniola,Ibadan / Oyo
104185,Livestock Feeds,"Henry Carr Street, Lagos",Lagos,8037155172,6,Mr Dayo,Lagos
1041850,Anjola Ayo Farm,"Ayeleye Area, Oke- Diji, Ilora",Oyo,8038280276,509,Folorunso Mark Eniola,Ibadan / Oyo
1041851,Morolayo Feedmill,"Unique Junction, Ebun Epo Akinmorin Road. Oyo.",Oyo,8060899115,509,Folorunso Mark Eniola,Ibadan / Oyo
1041852,Onward Adex Global Feedmill,"Opposite NNPC Filling Stataion, Kara Area Iwo- Osun State",Osun State,8064248466,509,Folorunso Mark Eniola,Osun State
1041853,Adaro Farm,"Funtuna, Kastina State",Kastina State,8065538060,407,Stephen Olushola,Kastina State
1041854,With God,"Pig City Okearo, Lagos State",Lagos State,8028129486,605,Dr. Abdulazeez Abiodun Oyetungi,Lagos
1041855,Water Front Feedmills,"Behind Water Foundation, Dura Village , Bukuru Jos South",Jos,9011919116,407,Stephen Olushola,Jos / Plateau
1041856,Synergy Royale Pig Farm,"Plot6, Block 8, Gberigbe Piggery Estate, gberigbe Ikorodu",Lagos State,7063008544,6,Mr Dayo,Lagos
1041857,Kemfem Poultry Farm,"Beside Blue Roof Hotel Gberigbe, Ikorodu Lagos State",Lagos State,8020755582,606,Oladeji Simon Olabisi,Lagos
1041858,Bejay Agro Industrial Limited,"Akuro, Dabira Street Iperu, Ogun State",Ogun State,8064489276,5,Peter,Ogun State
1041859,E.A.O Farm,Gwagwalada Abuja,Abuja,9059630819,412,Eniolorunda Seun Emmanuel,Abuja / FCT
1041860,Oladele Farms,"NO10, Pipeline Elebu Oluyole Extention, Ibadan",Ibadan,8074520553,513,Godwin Esenyie,Ibadan / Oyo
1041861,Nufa Farm,Fangannu Village Zaria,Zaria,7033331081,406,Dr.Ize Okeji,Kaduna
1041862,Ifeco Farm,"TTC Igbegu, Ebonyi State",Ebonyi State,9065562052,3,Ian,Ebonyi State
1041863,Big Joe Investment Limited,"No1, Omachi Street, Opposite Bori Camp Akuma Gate East",Rumuodomaya Port Harcourt,7037399226,3,Ian,Rivers / PH
1041864,Dr.James Farm,"No.3 Adams Emmanuel Street, Mahuta Kaduna State.",Kaduna State,7039576469,4,Stephen,Kaduna
1041865,OO James Multiple Farms Nig Enterprises,"Igbubszuwa Road Ovia, Benin, Edo State",Edo State,8037360850,3,Ian,Edo / Benin
1041866,Agro Life Benefits,"Agbaja Road, Lokoja Kogi State",Kogi State,8188202711,3,Ian,Kogi State
1041868,Lilly Valley Farm,"Agbere Ogere, Ogun State",Ogun State,8055157889,508,Mr.Adekunle Damilola,Ogun State
1041869,Altecho Farm,"Abule Ege, Owode Egba, Ogun State",Ogun State,7033687220,508,Mr.Adekunle Damilola,Ogun State
1041870,Farmkart Foods,"Ikangba Town ,Ijebu Ode Ogun",Ogun State,8033476417,513,Godwin Esenyie,Ogun State
1041872,Fams Farm,"No19, Achilefu Close, ABA",Imo State,8035018365,3,Ian,Imo State
1041873,Yusuf Maitama Farm,"NO13, Old Jos Road dakaci zaria kaduna state",kaduna state,8034901612,406,Dr.Ize Okeji,Kaduna
1041874,Blossom Agrotech Resources Ltd,Onilane Okebola Ibadan,IBADAN,8022899006,5,Peter,Ibadan / Oyo
1041876,Kabfat Agro Feed,Railway station kaduna state,Kaduna state,8138489950,4,Stephen,Kaduna
1041879,Tunamop Farms,"Ijebu Igbo,Ogun State",Ogun State,8066971723,5,Peter,Ogun State
104188,Rto Farm,Oshogbo Osun State,Osun,8037234625,5,Peter,Osun State
1041880,Drugs & Trades,"Mazara Main Market, katako Road, Jos",Jos,8063391295,407,Stephen Olushola,Jos / Plateau
1041881,Agrib Industries Limited,"Plot 301 Emuren Road, Imota Lagos State",Lagos State,7054592029,508,Mr.Adekunle Damilola,Lagos
1041882,Emmiliz Farm,"Kurudu 11,Off Orozo, Abuja",Abuja,9067523543,412,Eniolorunda Seun Emmanuel,Abuja / FCT
1041883,Kajola Co-operative,"Oke - Aro Pig Farm Estate,Sango Otta, Lagos",Lagos State,8033012301,605,Dr. Abdulazeez Abiodun Oyetungi,Lagos
1041884,Animal Feed Farm,"Behind Katako, Police Station Jos",Jos,803591750,407,Stephen Olushola,Jos / Plateau
1041885,Madam Adamu Farm,Kawo market Kaduna North,Kaduna,8023892156,4,Stephen,Kaduna
1041886,Oladipo Fish Farm,"Mangoro Oke- Ata Sango Otta, Lagos State",Lagos,8063223703,6,Mr Dayo,Lagos
1041887,Agbo Farm,"N037,olozoma ebigwi street, uteogbje Agbor, DeltA State",Delta State,8069245190,3,Ian,Delta State
1041889,Tunnex Farms,"NO12 Reverend Ogundipe Cresent Agbekale Abule Egba, lagos",Lagos State,7030292422,503,Tope,Lagos
1041891,Frika Agro Allied Ventures,"KM16, Abakaliki Enugu Express Way, Abakaliki Ebonyi State",Ebonyi State,8069469881,322,Kingsley Ikenna,Ebonyi State
1041892,Foto Farm,"Seraphim Junction, Olode Village Iseyin, Oyo State",Oyo State,8104533738,5,Peter,Ibadan / Oyo
1041893,T J Farm 2,Ilorin Town,Ilorin,8066572892,512,Afolabi Michael Abolade,Ilorin / Kwara
1041894,Higher Grace Agro Enterprises,No1 Sabath Lane Beside the promise fast food rukpokwu,Port Harcourt,8138095466,3,Ian,Rivers / PH
1041895,Ogooluwa feedmill,"2, Olaifa street , Orogun",Ibadan,8060355370,512,Afolabi Michael Abolade,Ibadan / Oyo
1041896,Mumar Intergrated farms,"No.4 Itesiwaju community, Onireke Village, Budo-Efo Upper","Agbabiaka, Ilorin",7038007746,513,Godwin Esenyie,Ilorin / Kwara
1041897,Emiola Farm,"Omi Adio, Bakatari, Jaka Village/Plot B, Off Akinmusite",Ibadan,8060947662,513,Godwin Esenyie,Ibadan / Oyo
1041898,Paygo Feeds,Owerri Imo State,Imo State,8062729755,3,Ian,Imo State
1041900,Tinu Farm,Along Ipara Busstop Abeokuta Shapade Sagamu Ogun State,Ogun State,7030924906,503,Tope,Ogun State
1041902,Isong Farm,Ikwo LG Abakaliki Ebonyi State,Ebonyi State,7038241731,322,Kingsley Ikenna,Ebonyi State
1041903,Elsufi Farm,"NO7 Kilanko Road, Behind Offa Garage, Ilorin Kwara State",Ilorin State,8035617411,512,Afolabi Michael Abolade,Ilorin / Kwara
1041904,Trot Over Farms,Eziani Nsukka Enugu State,Enugu State,8033217437,3,Ian,Enugu
1041905,Ome Farms,"Alapoti Village, ALONG Owode/atan road sango. Lagos",Lagos State,7035671402,5,Peter,Lagos
1041906,Timmod Farm,"Aba Igbagbo Village Via Ologolo, Ido Road Ibadan",Ibadan,8060315159,509,Folorunso Mark Eniola,Ibadan / Oyo
1041908,Flora Farms & Agro Allied Services,"Behind Ave Maria Villa, Ijurin Ekiti Ekiti State",Ekiti State,8067732200,509,Folorunso Mark Eniola,Ekiti State
1041909,Funsab Farms,"NO309, Oko Aba Agege Abbataoir Lagos",Lagos,8176162453,508,Mr.Adekunle Damilola,Lagos
104191,John Farms,"Ikorodu, Lagos State",Lagos State,7038120279,606,Oladeji Simon Olabisi,Lagos
1041910,Eny Keen Multinational Ltd,Command Secondary School Area Bode Igbo Ibadan,Ibadan,8057974781,513,Godwin Esenyie,Ibadan / Oyo
1041911,Love Joy Animal Feeds Factory,Amabor Ngwo Udi L.G.A Enugu State,Enugu State,9079933389,322,Kingsley Ikenna,Enugu
1041912,Farm Goldwaters,"Eleran Igbe Road, Ibeju Lekki , Lagos",Lagos,8163132621,6,Mr Dayo,Lagos
1041913,Ramak Farm,Adarawa Sokoto,Sokoto,9035051818,407,Stephen Olushola,Sokoto
1041914,Tosam Intergrated service,Podo New garage Ibadan,Ibadan,8123680299,5,Peter,Ibadan / Oyo
1041915,High Synergy Farm Nig Ltd,"NO22, Chairman Street Ikorodu Lagos State",Lagos State,8050768506,606,Oladeji Simon Olabisi,Lagos
1041917,Leochem Ltd,"Plot73, Unity Estate Independence Layout Enugu",Enugu State,8037027228,3,Ian,Enugu
1041918,East Goshen Farm,"Ohanze Aba, Abia State",Abia State,8039003211,322,Kingsley Ikenna,Abia State
1041919,Ogooluwa Feedmill Ilorin,Behind Iman Filling Stataion Estate Junction Sango Ilorin,Ilorin,7068504016,512,Afolabi Michael Abolade,Ilorin / Kwara
104192,Petrus Farm,"LAGERE, Ijebu-Ife Road, Ogun State",Ijebu-ife,8099783123,2040,Oluwole,Ijebu-Ife
1041920,Blossom Agric Enterprises,"Elewuji kelebe village off olorunda orita merin road,",Ibadan,9054847754,512,Afolabi Michael Abolade,Ibadan / Oyo
1041921,Lakesi Farms,"Ikotun Abaranje Road, Ikotun , Lagos",Lagos State,8023206282,5,Peter,Lagos
1041923,God's Grace Farm -east,"Ogwashi Ukwu, Delta State",Delta State,9033672993,3,Ian,Delta State
1041924,Zurek Nig. Ltd,Zuku Zuku Uyo Akwa Ibom State,Akwa Ibom State,7066550956,322,Kingsley Ikenna,Akwa Ibom State
1041925,Nweze Enterprises,"No76, Upper New Market Road, Onitsha",Onitsha,8169086607,3,Ian,Onitsha
1041926,Marmic Agricultural Feed,"Opposite Enyo Filling Station, Iyana , Agbala Itura,",Ibadan,8062209828,512,Afolabi Michael Abolade,Ibadan / Oyo
1041927,Olufela Bolarinwa Enterprises,"NO2, Bolarinwa Close anobe off somorin obatoko Abeokuta",Ogun State,8038054332,605,Dr. Abdulazeez Abiodun Oyetungi,Ogun State
1041928,Backyard Farm,"Kurmin Gwari Kakuri, Kaduna South, Kaduna State",Kaduna State,8094681332,4,Stephen,Kaduna
1041929,Monalisa Feedmill,"18, Ogijo Ikorodu Expressway Lagos State",Lagos State,8033852579,606,Oladeji Simon Olabisi,Lagos
104193,Allahu Labaika,Iwo Road,Ibadan,8035028315,2040,Oluwole,Ibadan / Oyo
1041931,Mama's Farm,"Ogele Village, Eyenkorin Ilorin",Ilorin State,8030536926,512,Afolabi Michael Abolade,Ilorin / Kwara
1041932,M & M Agro Ventures,"66, okilton drive, Ada George , Port Harcourt, Rivers",Rivers State,8187031641,3,Ian,Rivers / PH
1041933,Green Fotress Agro Ltd,"NO4, Nbodo Street Boundary Alo Ikwerre LGA. Rivers State",Rivers State,7061222162,3,Ian,Rivers / PH
1041934,Adegbite Enterprises,"No6, Peter Adegbite Street Ijako, Ota , LAGOS",Lagos State,8060337408,605,Dr. Abdulazeez Abiodun Oyetungi,Lagos
1041935,Multiple Result,"Station Market Kaduna South, Kaduna State",Kaduna,8038582847,407,Stephen Olushola,Kaduna
1041936,Eddy J. Agro,"Besides Fire Service, Buruku Express way",Jos,8036424173,407,Stephen Olushola,Jos / Plateau
1041937,Sedora Farm,Behind Harvest FM Station Makurdi Benue State,Benue State,7056667890,4,Stephen,Benue State
1041938,Absol Nigeria Limited,Ajegunle Egbejila Ilorin,Ilorin,8032191191,512,Afolabi Michael Abolade,Ilorin / Kwara
104194,Yomi Farms,"Bola Village, Jankata Apata Ibadan",Oyo State,7038123750,2000,Raji,Ibadan / Oyo
1041940,Anders Agro,"Sabo Market, Kaduna State",Kaduna State,7068510110,4,Stephen,Kaduna
1041941,Okiemute Farms Ltd,"Ogegere Road, Opposite Ibadan Amuokpe Sapele Delta State",Delta State,8137841747,3,Ian,Delta State
1041943,Solat Feedmill,"Km1, New Iferoad Opposite Toun Memorial Hospital, Ibadan",Ibadan,8069657687,512,Afolabi Michael Abolade,Ibadan / Oyo
1041944,RAO Agro Allied Nig. Ltd,Bauchi State,Bauchi State,7037900220,407,Stephen Olushola,Bauchi State
1041945,Niima Farm & Vet Consult,Kofar Atiku Sokoto State,Sokoto State,8068939532,407,Stephen Olushola,Sokoto State
1041947,Ibromiyu Ventures,"Academy Busstop Iwo Road, Ibadan",Ibadan,8089818181,509,Folorunso Mark Eniola,Ibadan / Oyo
1041950,Bright Fishing Company Limited,"Iro Town,Ofada Mokolokii, Owode Egba , Ogun State Nigeria",Ogun State,8160473213,6,Mr Dayo,Ogun State
1041951,Alpha Synergy Global Concept,"Ovate Community, Egbejila, Ilorin",Ilorin,8064447546,512,Afolabi Michael Abolade,Ilorin / Kwara
1041953,Jargaba Feedmil,Opposite. FCCC Funtua Katsina State,Katsina State,8039380223,407,Stephen Olushola,Katsina State
1041954,DefoladebInternational Feedmil,"New Epe Garage , Ijebu Ode Ogun State",Ogun State,8073349503,501,Lateef,Ogun State
1041956,Victory Vik Farm,Mbaise road owerri imo state,Imo state,8060907068,3,Ian,Imo State
1041957,3 Angels Ltd,Ugbolu Asaba Delta State,Delta State,8124899963,3,Ian,Delta State
1041958,Penagro Feedmill Ltd,"Sinoma fabcom, custom barrack Road, Kuje Abuja",Abuja,8064555631,412,Eniolorunda Seun Emmanuel,Abuja / FCT
1041960,Nutripeak Nigeria Limited,"KM13,Akure - Owo Express Way Ilu Abo Junction, Akure",Akure,8111390073,5,Peter,Ondo State
1041962,Dwellers Farms,"Charlie Boy Busstop Gbagada Phase 1,Lagos",Lagos State,8126911354,6,Mr Dayo,Lagos
1041963,Wesley Farm,"Farm Layout,Pasali2, Kuje Abuja State",Abuja State,7087965498,412,Eniolorunda Seun Emmanuel,Abuja / FCT
1041964,Imza Farm,Warri,Warri,8067517098,3,Ian,Delta State
1041965,T. Farm,Oke- Aro Pig Farm Estate Pen Azia Lagos State,Lagos State,8025970026,605,Dr. Abdulazeez Abiodun Oyetungi,Lagos
1041966,Arid Farm,"Gwagwalada, Abuja FCT",FCT Abuja,8033466922,412,Eniolorunda Seun Emmanuel,Abuja / FCT
1041967,S.A.K Farm,"Gora, Nassarrawa State",Nassarrawa State,8036000876,4,Stephen,Nassarrawa State
1041968,Frank John Farms & Resources,"Plot56, Nokpa Nike Enugu",Enugu,8036003925,322,Kingsley Ikenna,Enugu
104197,Olakunle Concepts,"osimore, Ijebu-Ode Ogun State",Ogun State,8054323064,501,Lateef,Ogun State
1041970,Pacific Scissors,F44b Oke Aro Pig estate,Lagos,8033232692,605,Dr. Abdulazeez Abiodun Oyetungi,Lagos
1041971,House of Tee4 Concepts,"Road A PEN 31A, Oke Aro, Pig farm estate",Lagos,8098260019,508,Mr.Adekunle Damilola,Lagos
1041973,Newlife Agro,Amaozalla Nsukka,Nsukka,8060476815,322,Kingsley Ikenna,Enugu
1041974,Linda Farm,"Abuja expressway, Kakau Kaduna State",Kaduna State,9030916558,4,Stephen,Kaduna
1041975,Deglorious Intergrated Farms,"Ajegunle Egbejila road off Asadam road, Ilorin",Ilorin,7031965153,512,Afolabi Michael Abolade,Ilorin / Kwara
1041976,Rabbis Farm,"Nsukka , Enugu State",Enugu State,7039428620,322,Kingsley Ikenna,Enugu
1041977,Babare farms,"Along Folawiyo Farms, Ilora",Oyo state,7037616561,509,Folorunso Mark Eniola,Ibadan / Oyo
1041978,Elroy farm,ubulu okiti delta state,delta state,8033202647,3,Ian,Delta State
1041979,Southern Greenstart Limited,"Ibakasi Road, Ikono, Awa Ibom State",Akwa Ibom State,8035103208,3,Ian,Akwa Ibom State
104198,Farm Associate,"Railway Commercial Layout Okpara Avenue, Enugu",Enugu State,9084957050,5,Peter,Enugu
1041980,Maggo Farms,"Maggo Farms, Elere Village , Obafemi , Owode local",Ogun State,8060951323,503,Tope,Ogun State
1041981,Tilt Farm,"Gurku Village by Aso B, Abuja",FCT Abuja,7037744407,412,Eniolorunda Seun Emmanuel,Abuja / FCT
1041983,Brohood Morden Farm,"Orodo, Imo State",Imo State,8064574049,3,Ian,Imo State
1041984,Neoclassic Farms,"Plots Phase 1, Odoore Village Via Airport- Egbejila Road,",Ilorin State,8133330690,512,Afolabi Michael Abolade,Ilorin / Kwara
1041985,Profitable Agroventures,"Kuje Area Council, Abuja",Abuja,8054649576,412,Eniolorunda Seun Emmanuel,Abuja / FCT
1041986,Debkas Farm,"Masaka, Arae, Nassarrawa State",Nassarrawa State,8033176771,412,Eniolorunda Seun Emmanuel,Nassarrawa State
1041987,Pure Comfort,Iwata Ijebu,Ogun state,8038566662,501,Lateef,Ogun State
1041988,Nihi-grace farm,"Ikot Ekpene road, Uyo",Uyo,8064618330,3,Ian,Uyo
1041990,Livestock Resources,"Issele-uku, Aniocha North",Delta state,7080049135,3,Ian,Delta State
1041991,TDA COMFORT ENTERPRISES,"NO. 3, EMEKA STREET, BEHIND EAGLE SQUARE OKPANAM ROAD",DELTA STATE,8053404230,3,Ian,Delta State
1041994,County Choice Farms,"No4, Babatope Bejide Cresecent, Off Fola Osogbo, Lekki",Lagos State,7032060375,6,Mr Dayo,Lagos
1041995,Kimson Farm Nigeria Ltd,"Ayetoro Scheme Lane 5, No5,Ojongbodu, Oyo State",Oyo State,8034212682,509,Folorunso Mark Eniola,Ibadan / Oyo
1041997,AT-Tawwakul Farms,"No6,Off Otaogbaiye Street Aleshinloye , Area Offa kwara",Kwara State,8063785486,512,Afolabi Michael Abolade,Ilorin / Kwara
1041998,Tolatops Farm,"Km10,Abeokuta Road, Ilupeju Village, Odeda, Local",Ogun State,8052999644,513,Godwin Esenyie,Ogun State
1041999,Popoola Farms,"No23, Old Abeokuta Road Bode - Igbo Ibadan",Ibadan,8054541783,509,Folorunso Mark Eniola,Ibadan / Oyo
1042000,Barivos Global Link,Omu Ijebu Ogun State,"Ijebu , Ogun State",8062327953,501,Lateef,Ogun State
1042001,Prime Sib Farms & Vet Ventures,"27, Harmony Street, Ijako, Suga Busstop , Sango Otta",Sango Otta Ogun State,8036733776,605,Dr. Abdulazeez Abiodun Oyetungi,Ogun State
1042002,Savanna Feedmeal-kaduna,NDC Kaduna North Kaduna State,Kaduna State,8092658840,4,Stephen,Kaduna
1042003,Reliable Farms Ltd,"NO162, Mammy Market Ojurin Akobo, Ibadan",Ibadan,8038884275,508,Mr.Adekunle Damilola,Ibadan / Oyo
1042005,DDHL Farm,"Abaodo Junction, Akinyele Area Oyo State",Oyo State,8089699426,606,Oladeji Simon Olabisi,Ibadan / Oyo
1042006,Tito Farms,"Apooyin Village Bako Area, Omi-Adio Off Abeokuta Road,",Ibadan,8035777160,513,Godwin Esenyie,Ibadan / Oyo
1042007,Adonai Farm,"Ogbogbo, Ijebu Ode Ogun State",Ogun State,7037413382,503,Tope,Ogun State
1042008,Harare Farmfood,"Behind Guru Maraji,Village Lagos - Ibadan Expressway",Ibadan,8033247853,508,Mr.Adekunle Damilola,Ibadan / Oyo
1042010,Damozech Farm,"Umuahia, Abia State",Abia State,8129512660,3,Ian,Abia State
1042011,Laktan 31 Farms,"Odeda, Ogun State",Ogun State,8035100849,605,Dr. Abdulazeez Abiodun Oyetungi,Ogun State
1042012,Deal Agric,Badeku After Egbeda Busstop Ibadan,Ibadan,8057413547,5,Peter,Ibadan / Oyo
1042013,Gbola Integrated Farm,"Afeki Zone 4, Opa, Ile Ife , Osun State",Osun State,8069563315,509,Folorunso Mark Eniola,Osun State
1042014,Glorious Feeds &Farms Services,"Lagos State Piggery Estate Opposite Bissam Oil, Igbokuta","Ikorodu , Lagos State",8092191451,508,Mr.Adekunle Damilola,Lagos
1042015,Jubzon Assembly Nig,"Emene, Enugu State",Enugu State,8099747344,322,Kingsley Ikenna,Enugu
1042016,Oreleye Farm,"Ijebu Ode, Ogun State",Ogun State,8137220357,503,Tope,Ogun State
1042017,Lakatabu Food Speciality,"Adowaiye , Iseyin Oyo State",Oyo State,7031688512,509,Folorunso Mark Eniola,Ibadan / Oyo
1042018,Opadex Global Resources Ltd,"Atere Village , Omi- Adio , Ibadan",Ibadan,8083777878,512,Afolabi Michael Abolade,Ibadan / Oyo
1042019,Sodehinde Farm,"NO7, Olubi sode street, Ayegbami Sagamu ,Ogun State",Ogun State,8038517339,503,Tope,Ogun State
104202,La Fish Industries Limited,Owena Multipurpose Dam Besida Ifedore Igbara- Oke Ondo,Ondo,7086198741,501,Lateef,Ondo State
1042020,DGINL Agro- Allied,"Mariri Kumbotso, Kano",Kano State,8033774088,407,Stephen Olushola,Kano
1042021,Evsam Farm,"Infant Jesus Road, Asaba Delta State",Delta State,8037916158,3,Ian,Delta State
1042022,Eimujok farm,"iworo ijebu, ogbogbo ijebu ode, ogun state",ijebu,7032582374,5,Peter,Ijebu
1042025,Habali Farm,"NO.1 Fangurzan Village, Zaria Kaduna State",Kaduna State,8084461452,4,Stephen,Kaduna
1042026,Hisplans Resources,"Olomoro Oleh, Delta State",Delta State,8027010814,311,Dr.Ogunwemimo Oluwole Leken,Delta State
1042027,Ukay Farm,"No6 Fakoya Road Oregun, Ijebu Ode , Ogun",Ogun State,9032202689,501,Lateef,Ogun State
104203,Cedar Of Lebanon,"Road 9, Goke Fajuyi Crescent Ondo Town",Ondo,8035602489,2040,Oluwole,Ondo State
1042030,Peniel Veterinary Services,"No Limit, Agro Allied Building Vital Depot Awoyemi",Ibadan,8060179139,513,Godwin Esenyie,Ibadan / Oyo
1042031,Fixable Global Ventures,"51,Aliu Street,Off Liadu Road, Ikotun Egbe Lagos State",Lagos State,8039570266,6,Mr Dayo,Lagos
1042032,Tolzdriven Agro Allied Company,"Victoria Kehinde Crescent, Igbo Olomu Ikorodu Lagos",Lagos State,8037354491,606,Oladeji Simon Olabisi,Lagos
1042033,Nicoprime Feedmills and Laboratories,"Km 5, Old Ogbomosho -Ilorin Road, Abaa, Ogbomosho, Oyo",Oyo State,8161561542,512,Afolabi Michael Abolade,Ibadan / Oyo
1042034,TOS Feed,"Along Kaduna Kano Road , Hanwa Zaria , Kaduna State",Kaduna State,8067679154,406,Dr.Ize Okeji,Kaduna
1042035,Tropical Culture Ltd,"Opposite Community High School Along Iresapa- Iko Road,","Ogbomosho ,Oyo State",8036463089,509,Folorunso Mark Eniola,Ibadan / Oyo
1042036,RAHBS Farms Nigeria Limited,"Km10, Oyo/ Ogbomosho Express Road, Oyo State",Oyo State,8035680005,501,Lateef,Ibadan / Oyo
1042038,Aquarich Fisheries and Consultancy Service,"Owode, Ede Junction, Oshogbo Osun State",Osun State,90356338433,512,Afolabi Michael Abolade,Osun State
1042039,Al- thqwah Feedmills,"Opposite Ajegunle Primary School, Egbejila Road, Ilorin",Ilorin State,9025598822,512,Afolabi Michael Abolade,Ilorin / Kwara
1042040,Glorious Life Farms Ltd,Phase 2 Odore Isale Off Egbejila Road Off Asadam Road,Ilorin State,8033795201,512,Afolabi Michael Abolade,Ilorin / Kwara
1042041,Happiness Shop,"Trikania South, Kaduna State",Kaduna State,7013669925,4,Stephen,Kaduna
1042044,St Justina's Cistercian Monastery,"Izzi Abakaliki, Ebonyi State",Ebonyi State,8138925764,322,Kingsley Ikenna,Ebonyi State
1042045,Victory Animal Consult,"Opposite, Bishop Haruna House Okene Kogi State",Kogi State,8069454090,412,Eniolorunda Seun Emmanuel,Kogi State
1042046,Aboretta Farm,NO1 Iriebe Street Line Portharcourt,Rivers Portharcourt,7064921870,3,Ian,Rivers / PH
1042047,Muyaks Agro,"Gwagwalada, Abuja",FCT Abuja,8051786776,412,Eniolorunda Seun Emmanuel,Abuja / FCT
1042048,UZ Farm,"Eshobo Road, Off Ugbolu Illah Road, Asaba",Asaba Delta State,8063971035,3,Ian,Delta State
1042049,Kitkan Farm,"Km15, Lagos- Abeokuta Expressway, Aiyedere Abeokuta, Ogun",Ogun State,8034649932,5,Peter,Ogun State
104205,Dolapo Farm,"Iwo Road, Ibadan",Oyo State,8065088636,2000,Raji,Ibadan / Oyo
1042050,Rufus Royal Farms,"Akeerdolu Village Off Ibadan Ilesha Expressway Osu, Osun",Osun state,8037266710,509,Folorunso Mark Eniola,Osun State
1042051,Defeso Farm Rasonwa,"Ilese,Ijebu Ode Near Army Barracks Ogun State",Ogun State,8035362274,5,Peter,Ogun State
1042052,Umera Farms,Ogbomosho- Oko Ejigbo Mayin Ogbomosho Oyo State,Oyo State,8026745308,509,Folorunso Mark Eniola,Ibadan / Oyo
1042054,G.TEE.I Farm,Adetunji Estate Oshogbo Osun State,Osun State,8034345760,509,Folorunso Mark Eniola,Osun State
1042055,Igwe Global Farm,"No140,Ezeiweka Road Obosi Behind Tonimass Filling",Anambra State,7037278800,3,Ian,Anambra State
1042056,Bosh Cornerstone Global Concept,"Km10, Abeokuta Road via Omi- Adio Ibadan",Ibadan,8104324561,509,Folorunso Mark Eniola,Ibadan / Oyo
1042057,Ajayi Fish Farm,"NO14, Adeniyi Bankole Street Giwa Oke Aro, Ogun State",Ogun State,8034685336,6,Mr Dayo,Ogun State
1042058,Step - Up Multipurpose Farm,"NO52, Kudimoh Street Isale Aluko Ilorin",Ilorin,8059915283,6,Mr Dayo,Ilorin / Kwara
1042059,Latros Corporate Ventures,"Udu, Warri, Delta State",Delta State,8116346100,311,Dr.Ogunwemimo Oluwole Leken,Delta State
104206,Just Measure Ltd,Effrun Owerri State,Owerri,8028143076,2040,Oluwole,Owerri
1042060,Stan-Vigin Resources,Umunebo layout Obinze Owerri imo state,Owerri,8079208838,3,Ian,Owerri
1042061,Anuoluwapo Feedmill,Owotomo Bustop Aba Aremu Omi Adio Ibadan,Ibadan,9059825090,6,Mr Dayo,Ibadan / Oyo
1042062,Royal Deen Multipurpose International Limited,"Plot 1, Abanikannda Compound Oluwo Palace Road, Oke- Ola",Osun State,8034236238,509,Folorunso Mark Eniola,Osun State
1042064,Penplus Farm,"NO9, 3 Avenue Ikolaba Olayo Road Ibadan",Ibadan,8058214168,501,Lateef,Ibadan / Oyo
1042065,Vasenda Breeder Farms Ltd,Tumbi Village Along Iresa- Apa Road Ogbomosho Oyo State,Oyo State,8160654662,509,Folorunso Mark Eniola,Ibadan / Oyo
1042066,Kuciano Farm,"Chairman Road, Off Ranch Road , Obudu Cross River",Cross River,8034776800,3,Ian,Cross River
1042067,LB Farm Nigeria Ltd,"No147, Ogan Village Vesper Busutop Ifo, Ogun State",Ogun State,8145066280,5,Peter,Ogun State
1042068,Con Celestine Enterprises,Legislative Quarters Okpanam Road Asaba Delta State,Delta State,8034489379,322,Kingsley Ikenna,Delta State
1042069,Vantage Agro Allied,"Fabson Filling Station Basement Barika Junction, ui 2nd",Ibadan,8071942199,5,Peter,Ibadan / Oyo
104207,Hiterto Vet,Orita Challenge Along Ijebu Road,OYO State,8077174232,2000,Raji,Ibadan / Oyo
1042072,Geeday Farms,"KM3, Kaishingi Road, Y/ Deba LGA - Gombe State",Gombe State,7056573388,407,Stephen Olushola,Gombe State
1042073,JEMAK Farm & Mills,10 Ike Street off water works road Abakaliki Ebonyi State,Ebonyi State,8039524798,3,Ian,Ebonyi State
1042074,ayodele micheal farm,queen cinema dugbe,ibadan,8059057753,5,Peter,Ibadan / Oyo
1042075,JMK farm and investment,"eriwe farm village , ijebu ode",ijebu,8162936774,501,Lateef,Ijebu
1042078,Fresh Farms,"NO10, Kayode Street Off Road 7, Ile - Ife, Osun State",Osun State,8034086535,509,Folorunso Mark Eniola,Osun State
104208,Answer industries ltd,141-143 Ibadan Road Along Ijebu Road,Ijebu-Ode,8032356470,6,Mr Dayo,Ijebu-Ode
1042080,Altrek Integrated Solutions,"NO1, Bade Clsoe Kadaure New Milienium City Kaduna State",Kaduna State,8061191737,4,Stephen,Kaduna
1042082,Fresh Farm Ventures,"Etche, Portharcourt, Rivers State",Rivers State,8053612244,3,Ian,Rivers / PH
1042083,Capablanca Farms Limited,"N08, Oluyomi Osikoya Magodo Phase 2 Lagos State",Lagos State,8083131141,6,Mr Dayo,Lagos
1042084,Jeunesse et Developpement Agricole,Port - Novo Benin,Benin,22967379703,508,Mr.Adekunle Damilola,Edo / Benin
1042085,I Farm Drone,2nd Junction Isiwu Ikorodu Lagos,Lagos State,7036195439,605,Dr. Abdulazeez Abiodun Oyetungi,Lagos
1042086,Estova Agrovet Services,"No33,Omueke Igwuruta, Near Cucumber Market , Port",Port Harcourt Rivers State,8068473122,3,Ian,Rivers / PH
1042087,Tessy Poultry Farm,"Iragushi Junction, Saint Augustine University Beside",Lagos State,8161745664,606,Oladeji Simon Olabisi,Lagos
1042088,Ubiam Farm,"NO54, Wet Housing Uyo, Akwa Ibom State",Akwa Ibom,8064476762,3,Ian,Akwa Ibom
1042089,Benabims Agro Services,"KM20, Kwali Road, Gwagwalada, Abuja",FCT Abuja,7087301282,412,Eniolorunda Seun Emmanuel,Abuja / FCT
1042090,Nwanze Farms Ltd,"NO8, Fumnanya Street, Off Nnebisi Road, Beside Glo Office",Delta State,8133135006,3,Ian,Delta State
1042091,Oyiza Farms Big Ltd,"Km46, Okene- Lokoja Road, Beside Osara Police Station",Kogi State,8036511613,509,Folorunso Mark Eniola,Kogi State
1042093,Timesellers Ltd ( Group Farma ),Akingbile Oluaina Ibadan,Ibadan,8034631612,5,Peter,Ibadan / Oyo
1042095,Lucky Onyemachi Farm,Waterline Portharcourt Rivers State,Rivers State,8039551774,311,Dr.Ogunwemimo Oluwole Leken,Rivers / PH
1042096,Abu Fish Farm,"No1, Ambrose Orogun Close, Off Taoheed Road Basin, Ilorin",Kwara State,8037982524,508,Mr.Adekunle Damilola,Ilorin / Kwara
1042097,Fizz Foods & Beverages Ltd,"10,Badejo Kalesanwo Street Opposite, Nucleus, Off Ladipo",Lagos,8034740670,509,Folorunso Mark Eniola,Lagos
1042098,Hope Odinachi Farm,"No48, Eliogbolo Road, Rumukoro, Portharcourt Rivers State",Rivers State,8089107536,3,Ian,Rivers / PH
1042099,Jelkaz Farm,"Abuway, Ijora Islander Head Office Lagos State",Lagos State,8034111590,6,Mr Dayo,Lagos
1042101,Akpabio Farm,"24, Akpan Etuk Street, Uyo Owerri State",Owerri State,8062363668,3,Ian,Owerri State
1042102,J Six Farm Ltd,"Igbodu Isiwo Road, Igbodu Epe, Lagos State",Lagos State,7019493721,6,Mr Dayo,Lagos
1042105,Stanley Fish Industry,"Warri, Delta State",Delta State,8036948664,311,Dr.Ogunwemimo Oluwole Leken,Delta State
1042106,UVWIE FISH FEED MILSE,NIGERCAT ROAD OFF NPA EXPRESSWAY EFFURUN WARRI,WARRI,8068258015,3,Ian,Delta State
1042107,Rockson Agro Farm Nig Ltd,"Alawe's Quarters Apitipiti Road, Awe, Oyo State","Awe, Oyo State",7033301102,509,Folorunso Mark Eniola,Ibadan / Oyo
1042108,Fish Needs Enterprises,"owode , Ede , Junction Osun State",Osun State,9032999735,512,Afolabi Michael Abolade,Osun State
1042109,AOS Poultry Farm,"Adebayo Oluwaseun& Sons , Abeokuta - Ibadan Express",Ogun State,8076671544,508,Mr.Adekunle Damilola,Ogun State
1042110,Fykes Farm Direct (Sunka juli),"62, Elebolo Village Kila Ogun State",Ogun State,8093874437,5,Peter,Ogun State
1042113,Longinus Farm,"NO146, Trans Amadi Industrial Layout Opposite Michelin,",Rivers State,8033127947,3,Ian,Rivers / PH
1042115,Enosmat Ventures Ltd,"NO8, Ja'maya Road Buwaya Goningora Kaduna, State",Kaduna State,8035480800,4,Stephen,Kaduna
1042116,Ethanneri Enterprise Farm,"No9, Agric Quaters Off Egypt, Road Barnawa, Kaduna State",Kaduna State,8180592443,4,Stephen,Kaduna
1042117,Famanz Farm,Barnawa Kaduna State,Kaduna State,8028403414,4,Stephen,Kaduna
1042119,Chumacy Nigeria Ltd,"Km5, Aliade Road, gboko Benue State",Benue State,7012035610,3,Ian,Benue State
1042120,Vic- Jes Farm,"Piyanko Town Road Ave Maria University , New Kershi",Nasarrawa State,8032576280,412,Eniolorunda Seun Emmanuel,Nasarrawa State
1042121,Alsaabis Gold Farm Nigeria Limited,"Ajegunle, Village Egbejila Road, Off Asadam Ilorin Kwara",Kwara State,90130228165,512,Afolabi Michael Abolade,Ilorin / Kwara
1042122,Joy Farm Kaduna,"No2, Anglican Church Road Narayi Bayan Dutse Kaduna State",Kaduna State,8060902457,4,Stephen,Kaduna
1042123,Vetco Livestock,"NO5A, Yakubu Gowon Way, Kaduna State",Kaduna State,7061340047,4,Stephen,Kaduna
1042124,Epikest Global Ventures,"Asejere Farm, Ikangba / Agoro Road , Ijebu -Ode Ogun",Ogun State,9011051873,508,Mr.Adekunle Damilola,Ogun State
1042125,Discovery Fish Farm,"Railway Crossing Before Abayawo, Iyana Afon Ganmo Close",Ilorin,8039664081,508,Mr.Adekunle Damilola,Ilorin / Kwara
1042126,AM Konsult & Farms,"House7a, Road 16, Owode Estate Apata, Ibadan",Ibadan,8071566887,6,Mr Dayo,Ibadan / Oyo
1042128,Vision Agro Ventures,"KM 1, Vom- Manchok Road, Near Sos School Kwata - Zawan",Plateau State,8034041814,407,Stephen Olushola,Jos / Plateau
1042130,Imo Hill Farms,"Joseph Awomolo Street, Off Dispnesary Road Imo Ilesha",Osun State,8150898058,509,Folorunso Mark Eniola,Osun State
1042131,BL Goshen Livestock Farms,"Kotilo and Labua Villages Off Olorunda Aba, Ibadan Oyo",Oyo State,8033325495,5,Peter,Ibadan / Oyo
1042134,Rekereke Farms,"Via, Ogbe Village Kobape Abeokuta Ogun State",Ogun State,7030307528,503,Tope,Ogun State
1042136,Olidee Global Trust Ltd,"9, Salalemotu Adeeyo Close, Off Alakia Isebo, Road Ibadan",Ibadan,9091350776,501,Lateef,Ibadan / Oyo
1042138,Jisrad Enterprises,"28Unit, 4Unity Estate , Oke Arungbo Community, Osogbo",Osun State,8030642997,5,Peter,Osun State
104214,Bob Jones Ltd-,"KM5 ,Osogbo/ILobu road",Okinni,8039118999,501,Lateef,Okinni
1042141,St Pius Farm,St Pius X Seminary Akwu- Ukwu Near Oba Along Onitsha -,Onitsha,8121824880,322,Kingsley Ikenna,Onitsha
1042142,Sobioma Agro Farm,Umuchoko Obiangwu Road Egbelu Obube North LGA Owerri Imo,Imo State,8187523889,322,Kingsley Ikenna,Imo State
1042143,Funktex Concept Farms,"Ile Ogede Oti Obate Village Via Egbejila Road, Ilorin",Kwara State,8034329758,512,Afolabi Michael Abolade,Ilorin / Kwara
1042144,Yim Al- Buraq Global Services Ltd,"Road 4, Wasobia Estate Ajegunle Area Asadam Area, Ilorin",Ilorin State,8032934498,512,Afolabi Michael Abolade,Ilorin / Kwara
1042145,Manna Ground Farm,Ajali Orumba LGA Anambra State,Anambara State,8037724109,322,Kingsley Ikenna,Anambara State
1042146,Cypo Paankeba Farm,"C9, Pagun Olubo Estate Olodo Ibadan",Ibadan,8038252494,513,Godwin Esenyie,Ibadan / Oyo
1042148,Confluence Agro Allied,"Opposite Mom Orphanage Chrucher, Felele, lokoja Kogi",Kogi State,8057068183,412,Eniolorunda Seun Emmanuel,Kogi State
1042149,Jerino Farms Ltd,"Behind Customs Fed Operations Unit Industrial Layout,",Owerri State,8111693356,3,Ian,Owerri State
1042150,Sunny Farms,"2,Ile Small Custom Area, Matogun Oke Aro Lagos",Lagos,8035651739,605,Dr. Abdulazeez Abiodun Oyetungi,Lagos
1042151,Ace Agrovet Consult,"Federal Housing Nyanya, Abuja",Abuja,8038986150,412,Eniolorunda Seun Emmanuel,Abuja / FCT
1042153,Boladvista Farms & Agro Allied Services,Olanrewaju Behind Ben- Ade House Modakeke Osun State,Osun State,8066516836,5,Peter,Osun State
1042154,Casama Agro Allied,"NO4, Allen Street, Oluyole Estate Ibadan",Ibadan,8033298858,5,Peter,Ibadan / Oyo
1042155,Soomic Farms,"Okiri Junction , Kila Ogun State",Ogun State,8080874580,509,Folorunso Mark Eniola,Ogun State
1042156,Benjamin Farm,"NO5,Musa Street Maraba ,Kaduna State",Kaduna State,8124531051,4,Stephen,Kaduna
1042157,Debafete Agric Ventures,"Iyaloja Hose Oke- Bode Iwo Road, Ibadan",Ibadan,8033664605,509,Folorunso Mark Eniola,Ibadan / Oyo
1042159,Lukmars Farms & Feeds,"Malubi Village,Laduba Afon Area, Kwara, Ilorin State",Kwara Ilorin State,8066772591,512,Afolabi Michael Abolade,Ilorin / Kwara
1042161,brita poultry farm,26 air port view okpanam asaba delta,asaba delta,8038845553,3,Ian,Delta State
1042163,Mika Ekanem Farm,"Ikot Ekpene, Uyo Akwa Ibom State",Akwa Ibom State,806382178,513,Godwin Esenyie,Akwa Ibom State
1042164,Prime Feeds,"NO. R2, Beside Kwiwa Petrol Station, Zaria Express Road,",Kaduna State,7031140041,4,Stephen,Kaduna
1042165,Bello Farms,"Usman Kontagora Plaza, Bosso Road, Minna Niger State",Niger State,8060388773,4,Stephen,Niger State
1042167,Vetagro Emporium,"Km 9, Kaduna - Zaria Express Way, Rigachikun, Kaduna",Kaduna State,8132523220,4,Stephen,Kaduna
1042168,Okeson Farms,"No2, Omozele Street Inland Town Onitsha",Onitsha,810374003,322,Kingsley Ikenna,Onitsha
1042170,WASOL ENTERPROSE,kUTUNGERI villige along kaduna intl airport,kaduna state,8033798067,4,Stephen,Kaduna
1042171,Bluemoon Ventures,"38/40 BF Street B Zone Shagari estate, Ipaja.",Lagos,9090126850,513,Godwin Esenyie,Lagos
1042172,Witty Crown Global Investment,"h24, Mogaji Market ,Oko Oba Lagos",Lagos,8183420700,605,Dr. Abdulazeez Abiodun Oyetungi,Lagos
1042173,Eniolorunfe Farm,"35, Panada Street,Bode Igbo Omi Adio Apata Ibadan",Ibadan,8061169202,5,Peter,Ibadan / Oyo
1042175,Bazza Farm,"Bosso Estate Minna ,Niger State",Niger State,7063544146,4,Stephen,Niger State
1042176,Morning Start Farm,"No1, Alade Owo Estate, Elebu Area, Apata Ibadan",Ibadan,70439191120,513,Godwin Esenyie,Ibadan / Oyo
1042178,Lighthouse Farms,"Oko Oba Area, Oko Oba ,Oyo Town",Oyo State,7034343691,513,Godwin Esenyie,Ibadan / Oyo
1042180,Argandu Farm Ltd,Beside Toro General Hospital Jos- Bauchi Expressway Jos,Jos,7037626156,407,Stephen Olushola,Jos / Plateau
1042181,Phetodars Farm,"Pepeline ARea,Idi-Ope Moganna Ibadan",Ibadan,8067493666,5,Peter,Ibadan / Oyo
1042182,Mega Star,"By A.A Rano filling station, One man village, Nasarawa",Nasarawa,8030726652,412,Eniolorunda Seun Emmanuel,Nasarawa
1042183,Nakadi Farm,"Babban Saura,Along Yakowa Express Road,Kaduna",Kaduna State,8033996751,4,Stephen,Kaduna
1042184,Tracy Veterinary,"Shell road, sapele",Delta state,8160059060,3,Ian,Delta State
1042186,Korex Farm,"Iperu, Town Ogun State",Ogun State,8039776666,503,Tope,Ogun State
1042187,Dickem Aquatech Enterprises,"19,Dickem Busstop Isashi Waterworks Odan Landmark","Lasu, Lagos",8123880357,606,Oladeji Simon Olabisi,Lagos
1042188,F. Bola Feedmill,"Onihale Bustop, Opposite NNPC Filling Station Along Ifo",Ogun State,8088809181,508,Mr.Adekunle Damilola,Ogun State
1042189,Globetrot Farmsponsor Nig Ltd,"No14, Old Aba Road Rumuogba Portharourt Rivers State",Rivers State,7031960724,3,Ian,Rivers / PH
1042190,Damo Resources & Multiloiz Ent,"Emiloju House Opp Arccedem, Along Iwo Road, Wofun Olodo",Ibadan,8033843052,513,Godwin Esenyie,Ibadan / Oyo
1042191,Pet Farm,Pipeline Coca Cola Benin City Edo State,Edo State,7066576004,513,Godwin Esenyie,Edo / Benin
1042193,Richfarbezt Aquaculture Nig. Ltd,"109, New Yidi Road, Irewolede. Ilorin",Ilorin,7068350833,512,Afolabi Michael Abolade,Ilorin / Kwara
1042194,Mevkins Integrated Farms,"Rafat Lawal Close Olayemi Tella, Ayobo, Lagos",Ayobo Lagos,8023113113,605,Dr. Abdulazeez Abiodun Oyetungi,Lagos
1042195,Doro Farm,Agbede Igbo Axis Edo State,Edo State,9058283826,6,Mr Dayo,Edo / Benin
1042196,Glendoff Hockney Farms,"Blue Gate, Liberty Lane Flower Garden GRA Ilorin Kwara",Kwara State,7051155902,513,Godwin Esenyie,Ilorin / Kwara
1042197,Temitope Agro Shop,Opposite Ibadan Garage Ijebu Ode Ogun State,Ogun State,7039317990,501,Lateef,Ogun State
1042198,Crown Dayo,Abanla Village Idi Ayunre LGA Along Along Alomaja Zone 4,Oyo State,8180556536,5,Peter,Ibadan / Oyo
104220,Giwa Feedmill,"klm.3,aliba-itoikin road",Ijebu-ode,8059529098,5,Peter,Ijebu-Ode
1042200,Super Hills Mills,"No1, Aluminium Market, By sabo Tasha Bridge , Kaduna",Kaduna,8134796972,4,Stephen,Kaduna
1042201,Zantic Farm Ltd,"Ugwuogo, Enugu East Enugu State",Enugu State,8152188355,322,Kingsley Ikenna,Enugu
1042202,Harrow Farms,"Odore Phase 1, Egbejila , Ilorin Kwara State","Ilorin, Kwara State",8135131126,512,Afolabi Michael Abolade,Ilorin / Kwara
1042203,Overshores Glorious Farms,"No20, New yidi Road, Irewolede Ilorin",Ilorin,8133676239,512,Afolabi Michael Abolade,Ilorin / Kwara
1042204,Barnabel Investment Farms Ltd,"Neke, Uno Ugwogo, Enugu East Enugu",Enugu State,8033655223,322,Kingsley Ikenna,Enugu
1042205,Saturn Farms Ltd,"Opposite Dstv, Office Onireke Ibadan",Ibadan,8022719664,513,Godwin Esenyie,Ibadan / Oyo
1042206,Muritala Farm,"Airport Raod, Kaduna State",Kaduna State,7039311333,4,Stephen,Kaduna
1042208,Hodeys Farm,"Panada Omi- Adio Apata, Ibadan",Ibadan,8038095732,5,Peter,Ibadan / Oyo
1042209,Tomitz Integrated Farm,Arulogun Akinyele Local Government Ibadan,Ibadan,8034241530,509,Folorunso Mark Eniola,Ibadan / Oyo
1042210,Samson & Helen Farm,"NO:3 Off Amukpe Ada Grase Road, Sapele Delta State",Delta state,8055884492,3,Ian,Delta State
1042212,Agasons Nig Ltd,"Behind CocaCola, New Industrial Estate Onitsha Road,",Imo State,8032059830,322,Kingsley Ikenna,Imo State
1042213,Better Feeds & Oils,"Pipeline Road, Ilorin",Ilorin,8037018992,513,Godwin Esenyie,Ilorin / Kwara
1042215,Tiddo Farm,"D112 Katampel, Mpape, Abuja",Abuja,7037162941,412,Eniolorunda Seun Emmanuel,Abuja / FCT
1042216,A.R.A Farm,"No27, Kududdufawa Waika, Ugongo, Kano State",Kano State,8038490657,407,Stephen Olushola,Kano
1042217,Hitech Farm & Hatchery Ltd,Zokoriko Village Kaduna,Kaduna State,8023632747,407,Stephen Olushola,Kaduna
1042218,Greencheck Global Resources Ltd,"NO8,Alloy Guest House, Road Behind Princess Hotel,",Ilorin,8038133610,512,Afolabi Michael Abolade,Ilorin / Kwara
1042219,George Farm Egbejila,"Ajegunle, Egbejila , Ilorin",Ilorin,8066533930,512,Afolabi Michael Abolade,Ilorin / Kwara
104222,Adebayo Kunle Smith,old abeokuta road bode igbo,Ibadan,8034453914,5,Peter,Ibadan / Oyo
1042220,Lumen,Delta State Asaba,Delta State,8032312313,322,Kingsley Ikenna,Delta State
1042221,Haybam Farm,"15, Gold and Rock Street, Oyo State",Oyo State,7066473758,509,Folorunso Mark Eniola,Ibadan / Oyo
1042222,Olufere Farming International,Odre Egbejila Offa Airport Ilorin,Ilorin,7034277266,512,Afolabi Michael Abolade,Ilorin / Kwara
1042223,Alasinrin Farm,"Oddore Egbejila Village,Ilorin",Ilorin,8032884946,512,Afolabi Michael Abolade,Ilorin / Kwara
1042225,Mobolaji Agrotech,"Okunawo Village, Ido Ibadan",Ibadan,8167288785,512,Afolabi Michael Abolade,Ibadan / Oyo
1042226,Becobs Agro & Bio Resource Ltd,"Ararromi Village, Near Bakatari Off Abeokuta Road, Ibadan",Ibadan,9030857821,512,Afolabi Michael Abolade,Ibadan / Oyo
1042227,Ajide Maruf Farm Ltd,"Egbejila Road, Bayi Aloba Area, Ilorin",Ilorin,8066421449,512,Afolabi Michael Abolade,Ilorin / Kwara
1042228,Salman Farm,"Near Rabiu Village, Tafa, Kano State",Kano State,7075804545,407,Stephen Olushola,Kano
1042229,Foxy Green Hub Resource Ltd,"Beside Ifelodun, Sawmill, Lagos - Ibadan Expressway",Lagos - Ibadan Expressway,7061134571,513,Godwin Esenyie,Ibadan / Oyo
1042230,Fish Parque,"BB Street House 4 4, Federal Lowcost Housing, Shagari",Lagos State,8059884458,606,Oladeji Simon Olabisi,Lagos
1042231,Oracle Farm Nig Ltd,"KM 2&5 Naka Road Makurdi, Benue State",Benue,7031248252,407,Stephen Olushola,Benue
1042232,O'Wole Animal Housing,"Jiboye Omi- Adio, Apata, Ibadan",Ibadan,8131387860,513,Godwin Esenyie,Ibadan / Oyo
1042233,Akadish Integrated Services Limited,"Gbagba Phase11, Sango Ilorin",Ilorin,8168712539,512,Afolabi Michael Abolade,Ilorin / Kwara
1042234,Amichi Diocesan Integrated Farm,"Utuh, Nnewi South LGA anambra",Anambra,8038965972,322,Kingsley Ikenna,Anambra
1042235,Acres &Barns Nig Ltd,"Jato Village, Iwo Pataara Road, Iwo Road Osun State",Osun State,8034880719,5,Peter,Osun State
1042236,Oluadepoju Farms Nig. Ltd,"1.5KM, Behind Oyo Sugar Processors Ltd Iseyin, Oyo State",Oyo State,8078209870,5,Peter,Ibadan / Oyo
1042237,Foodlink West Africa Ltd,"Km52, Bauchi-Bununu, Tafawa Balewa Road, Bula District",Bauchi State,8067725944,407,Stephen Olushola,Bauchi State
1042238,Petrolfad Energy Ltd,"Mogaji Market, Oko- Oba Lagos",Lagos,8162052986,508,Mr.Adekunle Damilola,Lagos
1042239,Ona Ara Farms,"No1 Delele Oyelude Street Off Ojota Road, Temu Epe, Lagos",Lagos,8131502464,605,Dr. Abdulazeez Abiodun Oyetungi,Lagos
1042240,Oore Ofemi Farms,Iyana Ipaja,Lagos,8098230900,605,Dr. Abdulazeez Abiodun Oyetungi,Lagos
1042241,Mano Poultry Feeds,"Uzere- Oleh Asaba Road, Uzere Isoko South Delta State",Delta State,8104889531,3,Ian,Delta State
1042242,Reps Agro Services,"Lane3, Akinwale Road, Akufo Iddo Local Government Ibadan",Ibadan,9015402921,5,Peter,Ibadan / Oyo
1042243,Al- Hamuz Agro Farm Ventures,"Phase 4, United Estate, Idedo Busstop Atan Otta Ogun",Ogun State,8022203521,605,Dr. Abdulazeez Abiodun Oyetungi,Ogun State
1042245,Nola Farms,"Plot3 Block c, Oriolowo CICS Layout, Oluyole Extension",Ibadan,8081537070,5,Peter,Ibadan / Oyo
1042247,Love City Consult,"Aba Alamu, Apata, Ibadan",Ibadan,8036383756,5,Peter,Ibadan / Oyo
1042249,Agromor-Nachshonmor,"18, Can Link Road, Port Harcourt Rivers State",Rivers State,9085572519,322,Kingsley Ikenna,Rivers / PH
104225,Tomlad farm,"6A, adekunle ajasin road. akure",ondo,7081169219,2040,Oluwole,Ondo State
1042250,Broadview Integrated Farm Ltd,"5, Ballah/Elere Road, Ballah ASA LGA , Kwara State","Kwara, Ilorin State",8088684194,512,Afolabi Michael Abolade,Ilorin / Kwara
1042251,MIAHS Enterprise,Gosa Abuja,Abuja,8068088923,412,Eniolorunda Seun Emmanuel,Abuja / FCT
1042252,Jeffery Farm,"Masaka, Nasarawa State",Nasarawa State,7033299775,413,Yohanna Magaji Kyat,Nasarawa State
1042253,Scopio Associates Farms,"Chuama Village, Tafa LGA",Niger,8064585267,4,Stephen,Niger
1042254,Gold Plus Enterprise Service Farm,"Zimbabwe, Opposite Wuse, Abuja",Abuja,8037003586,412,Eniolorunda Seun Emmanuel,Abuja / FCT
1042255,Rich Kay Global Resources,"NO26, Opposite Command, Secondary Shool, Bode Igbo,",Ibadan,8038094220,513,Godwin Esenyie,Ibadan / Oyo
1042256,Hephzibah Farms,"NO47, Ogere Road, Ajacent Water Cooperation Iperu- Remo,",Ogun State,8039275056,509,Folorunso Mark Eniola,Ogun State
1042257,PHI Systems Ventures Limited,"No13,Mkpok Street, Eket Akwa-Ibom State",Akwa- Ibom State,8037445836,322,Kingsley Ikenna,Akwa- Ibom State
1042258,Dovetech Farms Consult,"Ikoyi - Ile Off Takie, Ogbomosho, Oyo State",Oyo State,8134643258,5,Peter,Ibadan / Oyo
1042259,Ganau Farm and Rice Mill Ltd,"Along Goru Kardi Road, Birnin Kebbi, Kebbi State",Kebbi State,7033971037,407,Stephen Olushola,Kebbi State
1042260,Indigo Feeds Company Nig. Ltd,"Guata Nike Road After Guata Primary School, Keffi",Nassarawa State,8034418478,4,Stephen,Nassarawa State
1042261,Boyejo Farms,"Beside Old Total Ala Via, Ijebu- Ode Ogun State",Ogun State,8054679312,501,Lateef,Ogun State
1042263,MC Doy Farms Limited,"17, Akure- Ilesha Expressway Ilara Mokin, Akure Ondo",Ondo State,9065102273,509,Folorunso Mark Eniola,Ondo State
1042265,Apples and Pears,"Shagam Flower Gate, Shagam Expressway, Kajola Village ,",Ogun State,8177385649,508,Mr.Adekunle Damilola,Ogun State
1042266,Miglad Farm Concept,"Behind LEA Primary School Chukuku, Kuje Abuja",FCT Abuja,8037015133,412,Eniolorunda Seun Emmanuel,Abuja / FCT
1042267,My Works Farms Limited,NO C4 Kudenda Industrial Layout Nnamdi Azikwe Way By-,Kaduna State,8033176612,4,Stephen,Kaduna
1042269,Advic Farms,"Opa Road, Off Akinola Market Ipetumodu , Osun State",Osun State,8081771464,509,Folorunso Mark Eniola,Osun State
104227,Miracle Farm,"olorun tumo, Bembo Area Apata Ibadan",Oyo State,8033989140,2000,Raji,Ibadan / Oyo
1042270,George Dara Enterprises,"Irede Community, Off Pipeline Road, Opposite Roemichs",Ilorin,7032044655,512,Afolabi Michael Abolade,Ilorin / Kwara
1042271,Albarika Feedmill Abuja,"Opposite Seminary SchoolKuchiako, Kuje Abuja",Abuja,7081481431,412,Eniolorunda Seun Emmanuel,Abuja / FCT
1042272,Good Greens and More Ltd.,"Opposite New Govt House, Mazaram, Little Ratyfi",Jos,8180500923,4,Stephen,Jos / Plateau
1042273,Fatruq Farms,"Sango, Otta Lagos State",Lagos State,8023605637,6,Mr Dayo,Lagos
1042274,Frotchery Feeds,International Institute of Tropical Agriculture Idi- Ose,Ibadan,8020918190,5,Peter,Ibadan / Oyo
1042275,Vuco Farms,"Off Phinomar Road, By step bus stop, Enugu Ngwo",Enugu,8035201306,3,Ian,Enugu
1042276,God's Will Farm,"Plot 45, Opposite Babajide, School of Prophet and","Ijebu- Ijesa Road , Ilesa Osun",8034968508,509,Folorunso Mark Eniola,Osun State
1042277,AB and C feedmill,"Kara Market, Ibeju, Lagos",Lagos State,8089275146,605,Dr. Abdulazeez Abiodun Oyetungi,Lagos
1042278,Great Lift Agricultural Development Ltd,"NO5, Danpat Avenue, Opposite Power Plant Kaduna, Kaduna",Kaduna State,8064455403,406,Dr.Ize Okeji,Kaduna
1042279,Trust Feed Limited,"NO3/4 Westward Crescent Off Boltongo Road, Wuro Macci",Gombe State,7063774625,407,Stephen Olushola,Gombe State
104228,Ayomide farm,olosan,Ibadan,8022239695,5,Peter,Ibadan / Oyo
1042280,Ama Farms,"Aladeowo Omi- Adio, Apata Ibadan.","Ibadan, Oyo State",8066621859,5,Peter,Ibadan / Oyo
1042281,Felix Farm,"Maraba Loco, Nasarawa State",Nasarawa,8069166529,412,Eniolorunda Seun Emmanuel,Nasarawa
1042282,Ummi Hadiza Farm,Sambisa Area Opposite Aisha Buhari General Hospital Along,"Jega,Kebbi State",8036155279,407,Stephen Olushola,"Jega,Kebbi State"
1042283,Dele Shafa Intergrated Farms,"Aba Onipan, Elekuru, Moniya Iseyin Road, Ibadan",Ibadan,8063952647,513,Godwin Esenyie,Ibadan / Oyo
1042286,Dagrip Farm,"Old Abeokuta Road, Bode - Igbo Apata, Ibadan",Ibadan,8139303097,513,Godwin Esenyie,Ibadan / Oyo
1042287,Odar Farms,"40, Eze J.K Welli, Rumagholu Portharcourt Rivers State",Rivers State,8081117699,3,Ian,Rivers / PH
1042289,Delyiks Agro Service Limited,"Iyana Ajia, Adewunmi Village, Ibadan",Ibadan,7033150100,5,Peter,Ibadan / Oyo
1042290,Lawlivose Integrated farms limited,"No. 4 Shalom Street, Noah Pavilon, Jubilee Estate,",Ogun State,8034021318,513,Godwin Esenyie,Ogun State
1042291,Oileex Farms,"Salako Village, Omi- Adio Ibadan",Ibadan,8085082730,508,Mr.Adekunle Damilola,Ibadan / Oyo
1042292,Matrag Foods Limited,"New Yo- Ogbomosho Express Road, Elete Onigaari Area, Oyo",Oyo State,8139659580,509,Folorunso Mark Eniola,Ibadan / Oyo
1042293,JB Everest Agric Consult,"NO10, Sakavita Street, Olorunsogo Gaa Akanbi Ilorin Kwara",Kwara State,7062067834,508,Mr.Adekunle Damilola,Ilorin / Kwara
1042294,Sustainable Agrotech,"Industrial Park, Espoyo Samonda Sango, Ibadan",Sango Ibadan,8168982177,512,Afolabi Michael Abolade,Ibadan / Oyo
1042295,Essvee Agro Ltd,"No3, Oyewale Oshodi Street, Suramogaji Street, Coker",Lagos State,8107135574,508,Mr.Adekunle Damilola,Lagos
1042296,Baso Agro Allied,"Zango Dawanau, Dawakin Tofa",Kano,8031547115,407,Stephen Olushola,Kano
1042297,Gulliver's Farm,"7, Abela street, Nihort road",Oyo,8162936808,509,Folorunso Mark Eniola,Ibadan / Oyo
1042298,Tomut Farms & Animal Care,"1, Erewe Aba, Aba, Ijebu Ayepe, Odogbolu",Ogun State,8111001890,508,Mr.Adekunle Damilola,Ogun State
1042299,VICA Synergy Ltd,"165 Ikenegbu Layout,",Imo,8156797571,3,Ian,Imo
104230,Aiyetan Farm,"OLEYO AIYEGUN, ODO-ONA ELEWE,",Oyo State,07041322217/0803304,2000,Raji,Ibadan / Oyo
1042300,Sure Ingredients,"1, Kachia road, Opposite fruit market,",Kaduna South,8056290362,4,Stephen,Kaduna
1042301,Jofa Farm,Irese road,Ondo,7038516270,5,Peter,Ondo State
1042303,SSI Farms,"Pashi road, Akoko Village off Owode, Apa road,Badagry",Badagry West,7080743849,508,Mr.Adekunle Damilola,Badagry West
1042304,AJETOM AGRIC SERVICES,"25, IYANA WATER, EGBEDA",OYO,8162459954,513,Godwin Esenyie,Ibadan / Oyo
1042305,Benjully Overcomers Farm,"Km 7 Achalla-Ibusa road, by Oduche rivers off ezukwu",Obaeze benard av,8033470517,322,Kingsley Ikenna,Obaeze Benard Av
1042306,Lanrekay Integrated Farm Nig Ltd,"Km 1 Iseyin Oyo road, Odo Omu Area, Iseyin",Oyo,8050509835,513,Godwin Esenyie,Ibadan / Oyo
1042307,Timzac Nigeria Enterprises,"Minna, Niger State",Niger,7036864633,407,Stephen Olushola,Niger
1042308,Farmforte Agro Allied Solution Limited,"Evbolekpen community, Ovia North East 234",Edo,8138106195,311,Dr.Ogunwemimo Oluwole Leken,Edo / Benin
1042309,Aje Farm,Iraye Ikorodu,Ogun State,7086107969,605,Dr. Abdulazeez Abiodun Oyetungi,Ogun State
104231,Ebunoluwa Farm,Bode-Igbo Panada Omi -Adio Ibadan,Ibadan,8039216556,501,Lateef,Ibadan / Oyo
1042310,Feed Option,"ILO road, Ilara, Epe, Adjacent Augustine University",Ogun,8062255425,508,Mr.Adekunle Damilola,Ogun State
1042312,Avrik Fisheries,"Avrik House, Plot 4, Ikoyi Avenue (Behind Bovina Hotel,",Ilorin,8035063746,512,Afolabi Michael Abolade,Ilorin / Kwara
1042313,Nature Gift Agri-business,"Behing Presidential Lodge, Jalingo",Taraba,8142922922,407,Stephen Olushola,Taraba
1042314,Fatima Farm,"No 7, Sarki Crescent, New Millenium City",Kaduna,8037903932,406,Dr.Ize Okeji,Kaduna
1042315,Bim Farm,"S7/1405 Jinadu Adeosun Street, Felele",Oyo,8165265305,5,Peter,Ibadan / Oyo
1042316,Micello Farm,Akure,Akure,8068340904,5,Peter,Ondo State
1042317,SOLVIC GLOBAL NIG. LTD,"WAREHOUSE 2, FUN PARK, ITAMAGA, IKORODU, LAGOS",LAGOS,7058755900,509,Folorunso Mark Eniola,Lagos
1042318,Lacertera Farms,Oke Ojo Bus Stop,Lagos,8150298068,508,Mr.Adekunle Damilola,Lagos
1042319,GRAPE GRAND,"NO 1 Dauda Road, Maiduguri Plaza,",Kaduna,8055621488,407,Stephen Olushola,Kaduna
104232,Dominions Farm,"NO17, Oluwashina Ayomide Oyinlade Cresent Arapaja Via,",Lagos State,8028012175,606,Oladeji Simon Olabisi,Lagos
1042320,Two-Brothers Feeds & Agro-Allied Ltd,"No 15 Alam main road, Ozubulu,",Anambra,7066943224,322,Kingsley Ikenna,Anambra
1042321,Agricare Farms Nig. Ltd,"Beside Navy School, Ifewara road",Osun,8038001631,509,Folorunso Mark Eniola,Osun State
1042322,TJ farmfoods and Agro Allied Consult,"Ifeniyi Onigbongbo, Ilora",Oyo,9021691259,5,Peter,Ibadan / Oyo
1042323,Jadsons Integrated farms,Federal Housing Estate,Osun,8056713302,508,Mr.Adekunle Damilola,Osun State
1042324,NAMLAAC AGRO ALLIED,"Plot 139FA Pwambara, Usuma Layout, FCT",Abuja,8134561750,4,Stephen,Abuja / FCT
1042325,NOVI-AGRO LTD,Ibadan,Oyo,7087177726,5,Peter,Ibadan / Oyo
1042326,Habib farm,Igbeba,Ogun,8138559183,5,Peter,Ogun State
1042327,Takeab Asrara Fish Farm,"5/7 Dipo Oyebadejo Street, Toluwani B/Stop, Off Ijegun",Lagos,8026886634,6,Mr Dayo,Lagos
1042328,Global West Farms Ltd,"Km 13, Eruwa/Ibadan road, Idi - Ata Village, Ibarapa East",Ibarapa,8080227767,5,Peter,Ibarapa
1042329,Niro Gold International Farm Ltd,"27A Falade Layout Inaolaji, Oluyole",Ibadan,8062309090,513,Godwin Esenyie,Ibadan / Oyo
104233,Elbers Farms Ltd.-Mr.Musa,Jos,Jos,8037017629,3,Ian,Jos / Plateau
1042331,Wunix Enterprise,"Trade Fair, Golf Estate",Enugu,8138533376,322,Kingsley Ikenna,Enugu
1042332,Hope Alive Farms,"Hope Alive, behind Ife Oluwa Baptist Church, Century's",Oyo,8034851374,509,Folorunso Mark Eniola,Ibadan / Oyo
1042333,Fagenkawo Kas Poultry Farm,Dawanau Fagen Kawo Dawakin Tofa LGA,Kano,8146463135,407,Stephen Olushola,Kano
1042334,Vet Option Plus and Co.,"Sheikh Jafar road, Dorayi,Kwale LGA",Kano,9012471087,407,Stephen Olushola,Kano
1042335,Eyiwunmi Farms,"Madi Area, Opposite Ogundele, Ilorin",Kwara,7037568205,606,Oladeji Simon Olabisi,Ilorin / Kwara
1042336,Olaniyan fish farm,"Abayomi Crescent, Shiun area",Ogun,814842500,508,Mr.Adekunle Damilola,Ogun State
1042337,Elelyon Agricultural Ventures,Ilora Oyo,Oyo,7032068910,509,Folorunso Mark Eniola,Ibadan / Oyo
1042338,Alhaji Garba Ventures,Ahmadu Bello University Zaria Kaduna State,Kaduna State,8034504097,407,Stephen Olushola,Kaduna
1042339,Obamarshall Breeder Ltd,"Agbopa Village, Oyan Dam Abeokuta Ogun State",Ogun State,8129901189,513,Godwin Esenyie,Ogun State
104234,Femkad Fish Farm,"Road 3, Owode Estate",Ibadan,8053513561,5,Peter,Ibadan / Oyo
1042340,Isichei Feedmill,"Lufuwape, Lagos - Ibadan expressway",Ogun State,8106081055,6,Mr Dayo,Ogun State
1042341,Nibanola Farms,"Igbado town, Ondo city",Ondo State,8032588648,509,Folorunso Mark Eniola,Ondo State
1042342,Onyx Farm,"NO52, Gangara Street Ugwan Sunday Kaduna State",Kaduna State,8022500097,406,Dr.Ize Okeji,Kaduna
1042343,Elroyale Farm,"Meats Agro Production Compound, Ikenne Remo Ogun State",Ikenne Remo Ogun State,8035749597,513,Godwin Esenyie,Ogun State
1042344,Mark Of Christ,"Iyana Ilogbo, Ade Odo, Ota Ogun State",Ogun State,8023005684,503,Tope,Ogun State
1042345,Chosyfile Ventures Nig,"Plot 40/41 Fish Farm Estate Odunyan Ikorodu, Lagos",Ikorodu Lagos,8021345085,605,Dr. Abdulazeez Abiodun Oyetungi,Lagos
1042346,4D Global Field,"DIC Kakuri, Kaduna South , Kaduna State",Kaduna State,8092658840,4,Stephen,Kaduna
1042347,Kaymaxin Farm,"Kaymaxin Farm, Iya-beji, Iseyin road",Oyo,8035822051,509,Folorunso Mark Eniola,Ibadan / Oyo
1042348,BIG MAMA FARM,"ZOne B9, Off power line, LAO, Ilorin",Kwara,8141131649,509,Folorunso Mark Eniola,Ilorin / Kwara
1042349,Tempo Pellet Mill,"Opako Adigbe, Abeokuta",Ogun,8129901016,508,Mr.Adekunle Damilola,Ogun State
104235,Realges Farm,"Owode, Ibadan",Ibadan,8060144200,5,Peter,Ibadan / Oyo
1042350,Wale Farms,"Ile Ape Compound, Oja-Isale, Ilora",Oyo,7038141639,509,Folorunso Mark Eniola,Ibadan / Oyo
1042351,Olabanji Integrated Farm,"Wasinmi Village, Ikire Osun State",Osun State,8029032432,509,Folorunso Mark Eniola,Osun State
1042352,GRACELAND FARMS - UGHELLI,"Ekrdejebo road, Ughelli",Delta,8108895304,311,Dr.Ogunwemimo Oluwole Leken,Delta State
1042353,Abdullahi Feedmill,"Station Market, Kaduna South",Kaduna,8068757231,406,Dr.Ize Okeji,Kaduna
1042354,SENDME FOOD TECH LTD,"2, Olupitan Street, Ikolaba, Agodi",Oyo,8060811821,513,Godwin Esenyie,Ibadan / Oyo
1042355,Best Choice Farm,"Behind God's Grace Farms Ijado Road Awe, Oyo State","Awe, Oyo State",8054625636,509,Folorunso Mark Eniola,Ibadan / Oyo
1042356,OLUTO FARMS,Ilara Mokin,Ondo,8118423680,513,Godwin Esenyie,Ondo State
1042357,Ugwe Farm,Omobolake Ijebu Ode Ogun State,Ogun State,8155073061,501,Lateef,Ogun State
1042359,DeapZo Integrated Ltd,"147, Osu Naira Complex Ojoo Express Road, Ibadan Oyo",Oyo State,8106107244,509,Folorunso Mark Eniola,Ibadan / Oyo
104236,Dee Aayegbami Ventures,"Fish pond, Area Off Cele Slopy by Collakins Filling",Lagos,8091114206,6,Mr Dayo,Lagos
1042360,Taurus Animal Health Services,"Suite 4,Peace Plaza Tank, Rumukurushi, East West Road",Rivers State,8034724958,3,Ian,Rivers / PH
1042361,Heirs & Heralds,"Beside Augustine University Ilara,Epe Lagos State",Lagos State,9064737424,508,Mr.Adekunle Damilola,Lagos
1042362,Alarik Fish Feeds Plant,Oke Ose Ilorin,Ilorin,7061305519,512,Afolabi Michael Abolade,Ilorin / Kwara
1042363,Wilyrash Global Farm Ltd,Majeroku Village Via Ikire Osun State,Osun State,7038860303,509,Folorunso Mark Eniola,Osun State
1042364,Mrs. Raymond,"Jos, Plateau State",Plateau,8069825555,407,Stephen Olushola,Jos / Plateau
1042365,Max Feeds Ltd,"250 Oron road,",Akwa Ibom,9032275799,3,Ian,Akwa Ibom
1042366,Ebun Farms Ltd,"Agunbelewo, Osogbo Osun State",Osun State,7034171778,512,Afolabi Michael Abolade,Osun State
1042367,Quality Farms Limited,"Oru- Ijebu, Along Ibadan- Ijebu Ode Express Way, Ogun",Ogun State,8181002277,508,Mr.Adekunle Damilola,Ogun State
1042368,Benjamin farm abuja,kwali road gwagwalada,abuja,7087301282,412,Eniolorunda Seun Emmanuel,Abuja / FCT
1042369,De- Gold Feedmill,Leo Zone Elere Apata Ibadan,Ibadan,8032112393,513,Godwin Esenyie,Ibadan / Oyo
1042370,M- Babs Global Farms Ltd,Opposite Ola- Oba Hotel Off Oyo- Ogbomosho Express Way,Oyo State,8074184556,509,Folorunso Mark Eniola,Ibadan / Oyo
1042371,Ola Shop,"NO3, Bosso Road, Minna, Niger State",Niger State,802945775,407,Stephen Olushola,Niger State
1042372,Everest Formation Ltd,"NO34 Abdullahi Yaro House Ali Akilu Road, Kaduna",Kaduna State,8027229852,406,Dr.Ize Okeji,Kaduna
1042373,Hen Pack,"Sabo GRA Sabo, Tasha Kaduna State",Kaduna State,8037361152,407,Stephen Olushola,Kaduna
1042374,Mufacon Farms Ltd,"Erinmi Village, Olopemeji, Ijurin Ekiti , Ekiti State",Ekiti State,7031182097,509,Folorunso Mark Eniola,Ekiti State
1042375,Adejo Farm,"NO3, Sarki Street Kakau, Kaduna State",Kaduna State,8052606882,407,Stephen Olushola,Kaduna
1042376,Telad Agro Frams,"NO1-5,Obakola Village , Ihunbo Ipokia LGA Ogun State",Ogun State,8139026394,513,Godwin Esenyie,Ogun State
1042377,OKEFIA IRORUN - OLUWA MCS FARM,IJAREGBE TOWN VIA ILESHA,OSUN,7031262004,509,Folorunso Mark Eniola,Osun State
1042378,JOKO FARM,"1 DERAHEEM CLOSE, FEDERAL HOUSING ESTATE, GONIN GORA",KADUNA,8061392608,406,Dr.Ize Okeji,Kaduna
1042379,Obelawo Farm Value Farms,"Abayawo, Ilorin Kwara State , Nigeria Ng",Ilorin,7039621542,512,Afolabi Michael Abolade,Ilorin / Kwara
1042380,Tripod Feeds Limited,"Inuofebi Street, Yoaco Old Ilorin- Ogbomosho Expressway",Ogbomosho,8060581590,512,Afolabi Michael Abolade,Ogbomosho
1042381,Segglo Global Ventures,"10, Bembo Road, Apata, Ibadan .",Ibadan,8054309044,513,Godwin Esenyie,Ibadan / Oyo
1042382,D &P Business Services Ltd,"Igoba Estate, Along Ikere, Ado- Ekiti Road, Akure , Ondo",Ondo State,8034862037,509,Folorunso Mark Eniola,Ondo State
1042383,Adom Allied Nig Ogbomosho,"Opposite Civil Defence, Ahoyaya Ogbomosho, Oyo State",Oyo State,7068822094,509,Folorunso Mark Eniola,Ibadan / Oyo
1042384,Titty - Davids Farms,"Idanre Road, Akure, Ondo State","Akure, Ondo State",8066705605,509,Folorunso Mark Eniola,Ondo State
1042385,Ogochukwu Ventures,"4, Akpaube Street, Uyo Akwa Ibom State",Akwa Ibom State,7067053790,322,Kingsley Ikenna,Akwa Ibom State
1042386,Global Vet Care,"Ojoo Central Park, Ibadan",Ibadan,8032110334,605,Dr. Abdulazeez Abiodun Oyetungi,Ibadan / Oyo
1042387,Global Veterinary Agency,"C851 Sikecoji Mslawson 03 BP 2045, Cotonou, Benin",Cotonou,22995964406,513,Godwin Esenyie,Cotonou
1042388,Penuel Farm,"NO3, Tanko Street, Gonin Gora Kaduna State",Kaduna State,8025471817,407,Stephen Olushola,Kaduna
1042389,Hossanagoshen Farms,"kM15, Ondo- Ore Road, Ondo City, Akure Ondo State",Ondo State,8066118693,509,Folorunso Mark Eniola,Ondo State
104239,Comfort Farms,"Omi-Adio, Ibadan",Ibadan,8056611454,5,Peter,Ibadan / Oyo
1042390,Fundaak Akingbule Enterprises,"NO28, Ifeoluwasogo Street, Ondo State",Ondo State,8033781016,509,Folorunso Mark Eniola,Ondo State
1042391,Breedtech Agro Vet,"Railway Station, Kaduna South Kaduna State",Kaduna State,8134089094,417,Fayemi Salamon Olushola,Kaduna
1042392,Stemafeed Feed,"Asipa Village, Obafe Junction, Obafemi Owode, Ogun State",Ogun State,8136243506,605,Dr. Abdulazeez Abiodun Oyetungi,Ogun State
1042393,Neuf Link Integration Farms,"Plot98/99 Fish Estate, Odogunyan Ikorod, Lagos State",Lagos State,8137667097,508,Mr.Adekunle Damilola,Lagos
1042394,Waledam Farms,Opposite Eagles Chambers&Solictors By Araromi Road 2,Ondo State,8071676709,509,Folorunso Mark Eniola,Ondo State
1042395,Kaduna Poultry Lab,"No1, Kabui Crescent Barnawa, Kaduna State",Kaduna State,8039668641,4,Stephen,Kaduna
1042396,Modest Agro Services,"Railway Warehouse Premises, Station, Kaduna South",Kaduna State,8023740353,417,Fayemi Salamon Olushola,Kaduna
1042397,Jireh Industrial Farms Ltd,"Owo, Ondo State","Owo, Ondo State",9035216666,509,Folorunso Mark Eniola,Ondo State
1042398,Albarka Nitemi Global Ventures,"Tiwantiwa Cooperative 7UP Depot, Eshe Quarters, Ikare",Ondo State,7030536362,509,Folorunso Mark Eniola,Ondo State
1042399,Rode Farms,"KM10, Omi- Adio Road, Onikede Village Iddo Local Govrt,",Ibadan,8028140541,513,Godwin Esenyie,Ibadan / Oyo
1042400,Cleopal Farms,"NO1,Revd Ayo Akinseloyin Street, Off Erinje Road,",Ondo State,8069525970,509,Folorunso Mark Eniola,Ondo State
1042403,MATIPA SERVICES,AB - CALAVI,BENIN REPUBLIC,22997574672,513,Godwin Esenyie,Edo / Benin
1042404,Aite's Farm,Anagadu Zuba Abuja,Abuja State,8078209446,4,Stephen,Abuja / FCT
1042405,Ameer Integrated and Concept,"Birnin Yero, Along Zaria Road, Kaduna State",Kaduna State,7060461654,406,Dr.Ize Okeji,Kaduna
1042407,Soptimal Ventures Ltd,"86, Yemetu Igosun- Oje Road, Off K.S Motel Pepesi Cola",Ibadan,8034078646,513,Godwin Esenyie,Ibadan / Oyo
1042409,First Grade Agro Resources Ltd,"Kugba Ajagbe Village Off Ibadan- Abeokuta Road, Kila",Ibadan,8130569837,513,Godwin Esenyie,Ibadan / Oyo
1042410,Ganiak Farms Ltd,"36 Busari Street, Ago-eto Village",Ogun - State,90132216439,503,Tope,Ogun State
1042412,Nifozi Venture Ltd,"10, Adebimpe Street, Idimu, Lagos State",Lagos State,7030793798,508,Mr.Adekunle Damilola,Lagos
1042413,Korways Agro,"Km 48, Old Ikenne road, Ilishan",Ogun State,8153900142,508,Mr.Adekunle Damilola,Ogun State
1042414,Farm Lion,"Birnin Yero Zaria Road, Kaduna State",Kaduna State,8036131338,417,Fayemi Salamon Olushola,Kaduna
1042415,Silvia Franklin and Frances Ltd,"Opposite SK Hotel Heipang, B/Ladi Road. Heipang, Barkin",Jos Plateau State,8057001400,418,Nancy Daniel,Jos / Plateau
1042416,Great Feeds Enterprises,"Oke- Aanu Area, Ogbomosho Oyo State",Oyo State,9134115249,509,Folorunso Mark Eniola,Ibadan / Oyo
1042417,Ideal Farm Resources,Block D18 Federal Housing Estate Oyo State,Oyo State,8066064576,605,Dr. Abdulazeez Abiodun Oyetungi,Ibadan / Oyo
1042418,Kabsa Farm,"Milenium City, Kaduna State",Kaduna State,8023760237,417,Fayemi Salamon Olushola,Kaduna
1042419,Omip Global Concert,"Sabon Wuse, Gyedna, Tafa LG , Niger State",Niger State,8066079466,407,Stephen Olushola,Niger State
1042420,Lohachy Farms Ltd,"20, Ilo Road Opposite Augustine University, Ilara, Epe,",Lagos State,7034156477,503,Tope,Lagos
1042421,Olabanji Farm,"Opposite, Black Horse, Along Podo, Ibadan",Ibadan,8035560179,605,Dr. Abdulazeez Abiodun Oyetungi,Ibadan / Oyo
1042422,AgroEB Global Limited,"Off Mekun Road, Abiona Abese Ibadan Oyo State","Ibadan, Oyo State",9055900215,513,Godwin Esenyie,Ibadan / Oyo
1042423,Wonders Poultry Feeds,"Irapada Industrial Layout Off Agunrege Owotoro, Town",Oyo State,8034706103,513,Godwin Esenyie,Ibadan / Oyo
1042424,Aliben Farms and Animal Husbandry,"Plot612A Compensation Layout, Gwagwalada Abuja",Abuja,8055436176,4,Stephen,Abuja / FCT
1042425,Fruitful Babtos Vetworld,"Wukari, Taraba State",Taraba State,8034986160,407,Stephen Olushola,Taraba State
1042426,Bayoor Sadiq Farms,"Km4, Sagamu- Benin Express Way, Sagamu, Ogun State",Ogun State,8059585977,605,Dr. Abdulazeez Abiodun Oyetungi,Ogun State
1042427,Avant Organic Farms & Foods Limited,"KM32, Ibadan- Iwo Road, Laketu, Village Iwo , Osun State",Osun State,9029790081,509,Folorunso Mark Eniola,Osun State
1042428,Agriccare Std Plus,"36, 7UPRoad, Oluyole Estate, Mobile Ringroad, Ibadan",Ibadan,8076735373,512,Afolabi Michael Abolade,Ibadan / Oyo
1042429,Olayiwola Farms Nig Ltd,"KM1, Baale Agbe Sabo Rad , Oyo",Oyo State,8025258709,509,Folorunso Mark Eniola,Ibadan / Oyo
104243,Bets Farm/ Oluwole Kehinde,Eleso Omi - Adio Along Abeokuta Way,Oyo State,8023259398,2040,Oluwole,Ibadan / Oyo
1042430,AS Farm,"No23, Dantasamani Street Kakuri, Kaduna State",Kaduna State,9039054246,417,Fayemi Salamon Olushola,Kaduna
1042431,Global Ecofield Farm,"Odofin Igbore Village, Asipa, ObafeJunction, Sagam-",Ogun State,8037176495,605,Dr. Abdulazeez Abiodun Oyetungi,Ogun State
1042432,National Animal Productions Research Institute,"NO2, Sokoto Road, Shika Zaria",Zaria,8028306477,406,Dr.Ize Okeji,Kaduna
1042433,Abeash Farm,"Federal Housing, Gonin Gora Kaduna State",Kaduna State,8182007107,407,Stephen Olushola,Kaduna
1042434,Tidam Farm Ventures,"Km15, Iseyin Ipapo Road, Iseyin Oyo State",Oyo State,9061576977,605,Dr. Abdulazeez Abiodun Oyetungi,Ibadan / Oyo
1042435,Farm Center and Agrokoncept Ltd,"FCT Road, Bwari, Abuja State",ABUJA State,8056245479,417,Fayemi Salamon Olushola,Abuja / FCT
1042436,Siyanbola Shop,"Student Villa, Dagiri Gwagwalada Abuja",FCT ABUJA,8189809540,412,Eniolorunda Seun Emmanuel,Abuja / FCT
1042437,Abu Abba Global Farm Services,"Opposite Railway Station, Rigasa Kaduna State",Kaduna State,8035562771,417,Fayemi Salamon Olushola,Kaduna
1042438,FunteS Investment Limited,"Akonkon Village, Laloko Road, Owode Egba Ogun State",Ogun State,8062766110,605,Dr. Abdulazeez Abiodun Oyetungi,Ogun State
104244,B . j Farms,"Aba -Isale Village , Omi - Adio Apata Ibadan",Oyo State,8055948001,2000,Raji,Ibadan / Oyo
1042440,God's Own Global Business Ventures,"NO2, Farm Settlement Road, Ilora Oyo State",Oyo State,8035537016,509,Folorunso Mark Eniola,Ibadan / Oyo
1042441,Nina Feedmill,"Union Bank Junction Corner Jagwa Katsina Road,",Katsina State,8064959465,406,Dr.Ize Okeji,Katsina State
1042442,Ufulul Integrated,Ramu Gel Jos Plateau State,Plateau State,8066696720,418,Nancy Daniel,Jos / Plateau
1042443,Kalvinson Global Resources,"Rayfield Jos, Plateau",Plateau State,7063342592,418,Nancy Daniel,Jos / Plateau
1042444,Kure Farm,Ungwan Makera Opposite NNPC Staff Quaters Sabo Tasha,Kaduna State,7069157877,417,Fayemi Salamon Olushola,Kaduna
1042445,Femstarr Agro Farm,"Onipanu Off Elekuro Road, Moniya Ibadan",Ibadan,8146323271,513,Godwin Esenyie,Ibadan / Oyo
1042449,Rado Farm,"NO1, Rado Street Oke- agbede Road, Ajian/Imeko Ogun State",Ogun State,8024158848,513,Godwin Esenyie,Ogun State
1042450,Olowoaje Farm,"Plot66 Fish Farm Odogunyan, Ikorodu- Lagos State",Lagos State,8139702204,508,Mr.Adekunle Damilola,Lagos
1042451,Onword Vet & Mill,"Plot10, ECWA Road , Tunfuru Gombe State",Gombe State,8033829871,418,Nancy Daniel,Gombe State
1042453,Cheeky Profeed Ltd,"Goodshed Railway Compound, Dugbe Ibadan",Ibadan,9163000008,5,Peter,Ibadan / Oyo
1042454,Osi- Efa Farms,"Araromi Bakatari, Off Abeokuta Road Ogun State",Ogun State,8166222560,513,Godwin Esenyie,Ogun State
1042455,Gracious Mercy Farms,Irewole Shaki Oyo State,Oyo State,8160179529,513,Godwin Esenyie,Ibadan / Oyo
1042456,Iceberg Agricultural Consult,"No2, Adeyemi Street, Off Camp Davies Road, Ijon Via Ayobo",Lagos State,7032748380,605,Dr. Abdulazeez Abiodun Oyetungi,Lagos
1042457,All Wright Inv. Ltd,"67, Sabo Market, Ikorodu Lagos State",Lagos State,8056266907,605,Dr. Abdulazeez Abiodun Oyetungi,Lagos
1042458,1828 Farms,"Bomodeokun, Along Akure Road, Ondo State",Ondo State,8039209969,509,Folorunso Mark Eniola,Ondo State
1042459,Tuniga Farm,"Nafisat Village, New Pantaker, Kaduna State",Kaduna State,8036407339,417,Fayemi Salamon Olushola,Kaduna
1042460,Bisoba Agricultural Feeds,"Mile16, Idi- Ape Tesmar Junction, Olorunda Road,Barack",Ibadan,8034442565,509,Folorunso Mark Eniola,Ibadan / Oyo
1042463,Foster Agrovet,"opposite Gombe Park,Gombe state.",Gombe State,8037291330,407,Stephen Olushola,Gombe State
1042466,Agro Livestock Ethics and Values,"Coorperative Society Jos, Plateau state",Plateau State,8036152236,418,Nancy Daniel,Jos / Plateau
1042467,Sunshine Farms Nig,"Egg Depot, Opp Ajibode Grammar School, Ajibode- UI Ibadan",Ibadan,7063703902,5,Peter,Ibadan / Oyo
1042468,Nenat Agric Ventures,"Shop17, Powa Complex Kachia Road Opposite Crital Hope,",Kaduna State,8036064485,417,Fayemi Salamon Olushola,Kaduna
1042469,Tagastan Farm Ltd,Kano State,Kano State,8067783237,407,Stephen Olushola,Kano
104247,Ogunwale Farm,"Elesho, Omi - Adio ApataIbadan",Ibadan,7053624348,5,Peter,Ibadan / Oyo
1042470,Wakati Farm,"KM7, Offa Igbonna Road, Offa Kwara State",Kwara State,8038399636,5,Peter,Ilorin / Kwara
1042471,Qhumi Farm,"7, Flamingo Off Stadium Road, Ilorin, Kwara State","Ilorin, Kwara State",7030126194,5,Peter,Ilorin / Kwara
1042472,Hamukai Farm,"Rikkos Junction TT&T Jos,Plateau State","Jos, Plateau State",9020530000,418,Nancy Daniel,Jos / Plateau
1042473,Buruntus Nig Ltd,"Langel Near Pry Sch, Tofa Government Kano State",Kano State,8033812334,407,Stephen Olushola,Kano
1042474,Admof Farm,"Adewusi Village After Kila Village, Ibadan- Abeokuta",Ibadan,7071496472,5,Peter,Ibadan / Oyo
1042475,Greener Meat Agro Ventures,"NO4, Gidan Sambo Opposite Central Police Station, Gusau",Zamfara State,9032903521,417,Fayemi Salamon Olushola,Zamfara State
1042476,Adtar Agro Services,"Olodo, Garage, Ibadan",Ibadan,8066186481,5,Peter,Ibadan / Oyo
1042477,Saromed Farm Nig Ltd,"Oko Olowo, Ilorin",Ilorin,8082223294,5,Peter,Ilorin / Kwara
1042478,ID Farm,"Farin Gada, Jos Plateau State",Jos Plateau State,8038596655,407,Stephen Olushola,Jos / Plateau
1042479,El-Shaddai Integrated Farms Ltd,"Owena Ifewara Road, Osun State",Osun State,7061006288,509,Folorunso Mark Eniola,Osun State
1042480,Amriff Integrated Farms,"Obate Area, Ilorin Kwara State",Ilorin State,8030669146,512,Afolabi Michael Abolade,Ilorin / Kwara
1042481,KB Agro Allied Ventures,"Railway Station Shop 54B Kakuri, Station Market Kaduna",Kaduna State,9011016711,417,Fayemi Salamon Olushola,Kaduna
1042482,Dayo Enetrprises,"Katako Jos, Plateau State",Plateau State,7031517315,407,Stephen Olushola,Jos / Plateau
1042483,Boot Belt and Beret Ltd,"Monday Ajayi Sterrt, Dadin Kowa Jos , Plateau State",Plateau State,8037012407,418,Nancy Daniel,Jos / Plateau
1042484,Ti Oluwa Agro Allied,"Agowu Area Awe, Along Awe- Iwo Road, Awe Oyo State",Oyo State,7068789169,509,Folorunso Mark Eniola,Ibadan / Oyo
1042485,Aspam Feeds,"Zone C13, Plot 32547, Karshi Abuja",Abuja,8061263143,412,Eniolorunda Seun Emmanuel,Abuja / FCT
1042486,Olimpas Nigeria Limited,"Behind Atlantic Hall, Pokia Junction Atlantic Express","Epe, Lagos",8065283567,508,Mr.Adekunle Damilola,Lagos
1042487,Ete Ikpo Farm,"Dafara Village, Kuje Area Council, Abuja",Abuja,8067725941,412,Eniolorunda Seun Emmanuel,Abuja / FCT
1042488,Sinaby Greens,"No3, Kufang Close, Off Maingo Road, Jos Plateau State",JOS Plateau State,8037036077,407,Stephen Olushola,Jos / Plateau
104249,Kadelu Olusoji,Kadelu Layout New Garage,Ibadan,8027597819,5,Peter,Ibadan / Oyo
1042491,Animal Ajayi,"No2, Ajayi Street Dadin Kowa, Jos Plateau State",Jos Plateau State,8035889909,418,Nancy Daniel,Jos / Plateau
1042492,Hawa'u Agrovet,"No106/8 Zololo Junction Bauchi Road, Jos Plateau State",Jos Plateau State,8034506827,418,Nancy Daniel,Jos / Plateau
1042493,Emmanuel Agro,"Stadium Roundabout, Kaduna North, Kaduna State",Kaduna State,8056824266,407,Stephen Olushola,Kaduna
1042494,Semmy Farm,"Ago- Ilorin, Off Ajiboro Village Eruwa, Oyo State",Oyo State,8055076154,509,Folorunso Mark Eniola,Ibadan / Oyo
1042495,Udama farm ltd,"New Nyanya, opposite police station",Nassarawa,8023737190,4,Stephen,Nassarawa
1042496,Kalfi Feeds,"Behind Tunfure Resort, Gombe State",Gombe State,8063266277,407,Stephen Olushola,Gombe State
1042497,Yemi Ilori Farms & Processing,"Aba Ope Area, Near Alaasan Palace Alaasan , Osun State",Osun State,8064483569,513,Godwin Esenyie,Osun State
1042498,DKNY Farms,"Lisabi Street, Oba Community Panseke, Ogun State",Ogun State,8088823558,513,Godwin Esenyie,Ogun State
1042499,J' Butchery and Meat Ltd,"Mutunci Pride Nig Ltd Mother Cat Raod, Mando Kaduna State",Kaduna State,8037209272,406,Dr.Ize Okeji,Kaduna
1042500,Samlar Global Ventures,"Uke Abuja Road, Nasarrawa State",Nassarrawa State,8033144549,418,Nancy Daniel,Nassarrawa State
1042501,Fair Grade Agro Feedmill,"Beside Nut Primary School, Iddo Loacal Govrt , Eruwa- Oyo",Oyo State,8033058302,606,Oladeji Simon Olabisi,Ibadan / Oyo
1042502,Mustapha Feedmill,"Railway Station Market, Kaduna South , Kaduna State",Kaduna State,8146991184,407,Stephen Olushola,Kaduna
1042503,Farm Stead Integrated Farms Ltd,"Atapa Ikoyi Village, Via Ponkuku Ibara Orile Abeokuta",Ogun State,8134195807,605,Dr. Abdulazeez Abiodun Oyetungi,Ogun State
1042504,Agri Biotech International Ltd,"Opposite University, Bauchi, Jos Plateau State",Jos Plateau State,8097642124,418,Nancy Daniel,Jos / Plateau
1042505,Yurica Global Feed Ltd,"Holy City By Bingham University Autabalefi, Nassarrawa",Nassarrawa State,8030835115,407,Stephen Olushola,Nassarrawa State
1042506,Rabson Mag Nig Ltd,"Katako Jos, Plateau State",Plateau State,8060217582,407,Stephen Olushola,Jos / Plateau
1042507,Hammytuns Feedmill,"YA31, Ibala Street Ilesha Osun State",Osun State,7063381982,509,Folorunso Mark Eniola,Osun State
1042508,Pris - Chris Global Enterprises,"Trade Centre Kuru Vom Road, Jos Plateau State",Plateau Jos,8038314878,407,Stephen Olushola,Jos / Plateau
1042510,Jajo Farm,"Nigerian Airforce Base, Kaduna State",Kaduna State,8034405684,4,Stephen,Kaduna
1042511,Dathan Vet And Agro Services Concept,"No1, Kasupda Building Sabo Tasha, Kaduna State",Kaduna State,7030448805,4,Stephen,Kaduna
1042512,Success Agro Farm,"2, Ondo Street Council Idimu Ikotun Lagos State",Lagos State,8034946511,508,Mr.Adekunle Damilola,Lagos
1042513,Merit Green Farms,"Alalubosa Village Along Oke Oyi Road, Ilorin Kwara State",Kwara State,8069682138,512,Afolabi Michael Abolade,Ilorin / Kwara
1042514,Api Chicks Assawaba Agric Ventures,"No5, Darrudaawa Along Kaduna Road, Sokoto State",Sokoto State,8035129503,407,Stephen Olushola,Sokoto State
1042515,Royal Diadem Animal Consult Ltd,"9, Isabe Opposite Enyo Filling Stateion, Ijebu Mushin",Ogun State,7034232312,508,Mr.Adekunle Damilola,Ogun State
1042516,Crown Agro Vet,"Oluyole Estate , Ibadan",Ibadan,8145815124,513,Godwin Esenyie,Ibadan / Oyo
1042517,Amimmoh & Sons Nig Ltd,"Temidire 4, Egbejila Airport Road, Ilorin Kwara State",Ilorin Kwara State,8037021502,606,Oladeji Simon Olabisi,Ilorin / Kwara
1042518,Idoko Animalfarm Services,"No 1440 Kachia road by Diamond bank, railway station",Kaduna,8067692247,406,Dr.Ize Okeji,Kaduna
1042519,Haib Farm,Fadama,Bauchi,8034965451,407,Stephen Olushola,Bauchi
1042520,Lucky Livestock,Ido road Aba Esan,Ibadan,9162802771,513,Godwin Esenyie,Ibadan / Oyo
1042522,OCEAN FRONT FARMS LIMITED,"ADONRI, EFON KILA",OGUN,8103128559,513,Godwin Esenyie,Ogun State
1042523,DAUDA FARM,"Bazaz Plaza,Zaria",Kaduna,8037536282,4,Stephen,Kaduna
1042524,Dammnaish Human Capacity Building Initiative,"No 8, Kwajaffa Street Old GRA Maiduguri",Borno,7036550969,407,Stephen Olushola,Borno
1042526,Madam Yellow,Station Market Kaduna South,Kaduna,7033077515,407,Stephen Olushola,Kaduna
1042527,MEGASTONES,NO 1 SOWUNMI CLOSE HOUSING ESTATE,OSUN,8035457001,501,Lateef,Osun State
1042529,RITA'S FARM,"Rukuba Barrack Bassa,Jos",JOS,8039107852,418,Nancy Daniel,Jos / Plateau
104253,Kems Farms,"House 12, Oluyole Estate Ibadan",Ibadan,8033272525,5,Peter,Ibadan / Oyo
1042530,MAESTRO ROSE LTD.,"NO4 IWO ROAD IBADAN/ NO4 ALODE RD,NCHIA ELEME PORT",IBADAN,7068127314,606,Oladeji Simon Olabisi,Ibadan / Oyo
1042531,ANI FARM,"Rukuba Barracks,Jos",JOS,8068902298,418,Nancy Daniel,Jos / Plateau
1042532,AGRO MILLERS,"BURUKU EXPRESS WAY, JOS ,PLEATEU",JOS,8066454546,406,Dr.Ize Okeji,Jos / Plateau
1042533,IKUEMOLA FARMS,"Beside Pizza's Hospital, Opposite Ayefele Radio Challenge",Ibadan,8035624236,606,Oladeji Simon Olabisi,Ibadan / Oyo
1042534,KADIR FARM,"Kastina, kastina",Kastina,7069652169,407,Stephen Olushola,Kastina
1042535,JSD FARM,"NO 12 ROYAL AVENUE NARAYI,KADUNA",KADUNA,8065168615,417,Fayemi Salamon Olushola,Kaduna
1042536,BLENDY AGRO ALLIED FARMS,"ONIDAJO VILLAGE, VAI ALATA ADEBAYO IDI AYUNRE IBADAN",IBADAN,8054823898,508,Mr.Adekunle Damilola,Ibadan / Oyo
1042537,OLUGBENGA FARMS,SOTUBO ALONG IKORODU ROAD,LAGOS,8036231340,508,Mr.Adekunle Damilola,Lagos
1042538,ABAKEM FARMS,AJIWOGBO VILLAGE OFF IWO ROAD IBADAN,IBADAN,7062202723,513,Godwin Esenyie,Ibadan / Oyo
104254,Abolade Farm,Elesho Apata Ibadan,Ibadan,8050273226,5,Peter,Ibadan / Oyo
1042540,ALLET FEEDMILLS LIMITED,"PLOT 4&5, LAGELU INDUSTRIAL ESTATE OFF LAGOS IBADAN",IBADAN,8160619555,5,Peter,Ibadan / Oyo
1042541,NAKU INTEGRATED,KAUYA BY AFAKA ROAD KADUNA,KADUNA,8069460868,407,Stephen Olushola,Kaduna
1042542,NAWA HORSE FEED,"PLOT 801 GIDADO IDRIS WAY,IDU INDUSTRIAL AREA FCT.ABUJA",ABUJA,8097777882,406,Dr.Ize Okeji,Abuja / FCT
1042543,ARYAN FARMS NIG.,GUNSUMA KEFFI NASARAWA,NASARAWA,7054926416,418,Nancy Daniel,Nasarawa
1042544,S2 ANNASTEG VENTURES,"NO 30/35 SG ANNAGU ROAD, MADAMI KADUNA",KADUNA,8036287481,407,Stephen Olushola,Kaduna
1042545,JEBIS FARMS,Siun village by Owode Egba junction along Sagamu Abeokuta,OGUN,8027293320,606,Oladeji Simon Olabisi,Ogun State
1042546,MUKHAB GLOBAL,Riveride Obata Area Ilorin,Ilorin,7065733572,512,Afolabi Michael Abolade,Ilorin / Kwara
1042547,PALLADIUM FARMS,"Otere village Opposite Christopher University Mowe, Ogun",Ogun,8134743324,503,Tope,Ogun State
1042548,Ali Feed Farm Solution,"Dawakin Dakata Kano,Kano State.",Kano state,9067532832,407,Stephen Olushola,Kano
1042549,PEARAYPAY FARMS,"KENTA KILANSHO VILLAGE,OWODE OBAFEMI LOCAL GOVT,OGUN",OGUN STATE.,8033043871,605,Dr. Abdulazeez Abiodun Oyetungi,Ogun State
104255,Lorenco Farms Ent,"Km 13, Ibadan- Abeokuta Road, Panada Via Omi- Adio Ibadan",Oyo State,8053380964,513,Godwin Esenyie,Ibadan / Oyo
1042550,FLEECY BRESTOL SOLUTION LTD,KWANDO GOMBE STATE,GOMBE,8126262665,407,Stephen Olushola,Gombe
1042551,EOG FARM SERVICES NIGERIA LTD,NO 10 ABODERIN STREET AGBAJE ORITA CHALLENGE IBADAN,IBADAN,8120534940,509,Folorunso Mark Eniola,Ibadan / Oyo
1042552,YUNUS FARMS,"YULI VILLAGE,BESIDE BAUCHI STATE UNIVERSITY, BAUCHI",BAUCHI,8039250915,407,Stephen Olushola,Bauchi
1042553,FAVOURXTRA AGRICULTURAL LTD.,"IYANA OFFA, LLAGELU OYO DTATE",OYO,8187775151,513,Godwin Esenyie,Ibadan / Oyo
1042554,OLU FARMS &IND.LTD,"KM 4 WEST BYE PASS, OKE ONITI,OSOGBO",OYO,8144854194,513,Godwin Esenyie,Ibadan / Oyo
1042555,SARMAN INTEGRATED FARM AND SOLUTION,"Bichim Local Government, Kano",Kano,7039631339,407,Stephen Olushola,Kano
1042556,RONDIS FARM,UMUCHU AGUATA LGA ANAMBRA,ANAMBRA,8033374732,501,Lateef,Anambra
1042557,WATER FRONT INTEGRATED FARMS LTD.,"Opposite Sharna farm,Keff-Abuja Expressway, Kubwa",Kubwa,8036013917,412,Eniolorunda Seun Emmanuel,Kubwa
1042558,GURUZA FARM,"OFF DANSADAU ROAD, GUSAU, ZAMFARA",ZAMFARA,8063631194,407,Stephen Olushola,Zamfara
1042559,DANTHY FARM,"133 GENERAL HOSPITAL ROAD, GBOKO BENUE",BENUE,7065914815,407,Stephen Olushola,Benue
104256,Egbeyemi Farms,Ijede Road Ikorodu Lagos State,Lagos State,8033082993,6,Mr Dayo,Lagos
1042560,MUBINAHD GENERAL ENTERPRISES,DANFAMI KUYAN KUMBOTSO LOCAL GOVT.KANO,KANO,8065072560,407,Stephen Olushola,Kano
1042561,AGROHOF FARMS,UMUEBULE JUNCTION ABA/PH EXPRESSS ROAD RIVERS,RIVERS,8037105160,3,Ian,Rivers / PH
1042562,AHMADUN BABA BUSINESS FARM ENTERPRISE,NO 19 JAABDULKADIR CRESCENT UNGUWAN RIMI KADUNA,KADUNA,8137192323,417,Fayemi Salamon Olushola,Kaduna
1042563,KHINASS & SIBLINGS AGRO VENTURES,"NIGERIAN AIRFORCE BAD=SE, KADUNA",KADUNA,8121000030,407,Stephen Olushola,Kaduna
1042564,PREMIUM FARM IBADAN,"14TH AVENUE, OFF 7UP ROAD OLUYOLE IBADAN",IBADAN,8062282653,503,Tope,Ibadan / Oyo
1042565,HIRAM'S FARM&AGRO BUSINESS CONSULTANCY,"Alhaji Abbas street Jambutu Yola,Adamawa",Adamawa,8069129590,407,Stephen Olushola,Adamawa
1042567,BABATUNDE FARMS,"OLA ROAD, EJIGBO OSUN STATE",OSUN,8135362610,513,Godwin Esenyie,Osun State
1042569,YOMISY INTERNATIONAL VENTURES,NEW BUSSA -NIGER STATE,NIGER,7086035053,513,Godwin Esenyie,Niger
1042570,RAMADAN FEEDMILL,"41A,ALH.KASSIM ST,FUNMODARA IJEBU IGBO",IJEBU,8035235360,501,Lateef,Ijebu
1042571,MOLAG FARM,"NO1 ZARIA BIRNINGWARI ROAD,KARAU GIWA",ZARIA,8037260699,406,Dr.Ize Okeji,Kaduna
1042572,FLOURISH FARMS,"KM1, OJOLO- APARAKI ROAD,SECRETARIAT IJEBU -IGBO",OGUN,9030024498,501,Lateef,Ogun State
1042573,MARIYA FARM,"KATAKO MARKET ,JOS,PLEATEU",PLEATEU,7033556680,418,Nancy Daniel,Pleateu
1042574,ALIRIC INTEGRATED FARMS AND FISHERIES,"ALONG ELERINJARE ROAD, IDOFIAN,KWARA",KWARA,8184965212,512,Afolabi Michael Abolade,Ilorin / Kwara
1042575,PHYLAYCH AGRO ALLIED FARM,"NGWO ENUGU, ENUGU NIGERIA",ENUGU,7031991493,513,Godwin Esenyie,Enugu
1042577,PARAGON GLOBAL SERVICES LTD.,"PLOT 1934, 7TH AVENUE,D1 CLOSE FESTAC LAGOS",LAGOS,8082215808,513,Godwin Esenyie,Lagos
1042578,OCTAGON FISH FARM,"ILE OLUJI ONDO TOWN, ONDO STATE",ONDO,8065404510,509,Folorunso Mark Eniola,Ondo State
1042579,YASIGA NIG.LTD,"KM 26 keffi kaduna road, Zango Gitata, Nasarawa State",Nasarawa,8026221579,417,Fayemi Salamon Olushola,Nasarawa
1042580,GOOD SAM,"1 Oyegbade Estate, Arapaja Area Ibadan",Ibadan,8038590737,513,Godwin Esenyie,Ibadan / Oyo
1042581,SINTO FARM & FEEDMILL,NO 2 SINTO CLOSE OFF OGUNBA STREET IKANGBA TOWN,IJEBU,8164512526,508,Mr.Adekunle Damilola,Ijebu
1042582,IYEDORA FARMS LIMITED,KUJE ABUJA,ABUJA,91655584578,513,Godwin Esenyie,Abuja / FCT
1042583,OLISCO AGRO SERVICES,ISUN JUNCTION ARA OWODE FEEDS,ABEOKUTA,7033718764,508,Mr.Adekunle Damilola,Abeokuta
1042584,RADOL FARMS,"ATAAN QUARTERS, ILASE, VIA IJEBU ODE",IJEBU,8099446400,501,Lateef,Ijebu
1042585,PAWPETS ANIMAL FEEDS &AGRO,"NO1 POLICE ROAD, GRA ILORIN",ILORIN,8033430222,606,Oladeji Simon Olabisi,Ilorin / Kwara
1042586,CHARON TOPAZ POINT NIGERIA LIMITED,186 Temidire orewoled off muslim cementry osere ilorin,Ilorin,8035396824,512,Afolabi Michael Abolade,Ilorin / Kwara
1042588,GAMSON AGROVET,"TULDU 309 KWALLE LG, KANO",KANO,8062393383,407,Stephen Olushola,Kano
104259,Fair Play,Oluyole,Ibadan,8056464246,5,Peter,Ibadan / Oyo
1042590,SABTECH FARM,"ALALUBOSA GRA, IBADAN",IBADAN,9130883997,513,Godwin Esenyie,Ibadan / Oyo
1042591,ADELOLA FARM,CITI HOTEL ALONG IBADAN EXPRESS ROAD BEFORE IJEBU ODE,IJEBU,8165602337,501,Lateef,Ijebu
1042592,ATTA AWUN FARM,UNGOGGO LG KANO,KANO,80245448,407,Stephen Olushola,Kano
1042593,TG FARM,"GORA, ALONG ABUJA KEFFI ROAD",ABUJA,8063545393,412,Eniolorunda Seun Emmanuel,Abuja / FCT
1042594,OLUSOJI FARM,"HIPANG AIRPORT ROAD, JOS PLATEAU",JOS,9034551203,418,Nancy Daniel,Jos / Plateau
1042595,OBATE IGBO FARM,EGBEJILA ILORIN,ILORIN,8039323976,512,Afolabi Michael Abolade,Ilorin / Kwara
1042596,SMOYA LIMITED,"KAKAU, KADUNA STATE",KADUNA,8066822895,407,Stephen Olushola,Kaduna
1042597,THANK GOD FARM,OGERE LAGOS IBADAN EXPRESSWAY,OGERE,8053352093,513,Godwin Esenyie,Ogere
1042598,MAKINDE FARM,OLODO IBADAN,IBADAN,8026221579,513,Godwin Esenyie,Ibadan / Oyo
1042599,OLOBLESS FARM,"MILLENIUM CITY, KADUNA",KADUNA,7035233363,407,Stephen Olushola,Kaduna
1042600,LIGHTHOUSE FARM,"FAKORE VILLAGE, OFF OLD OYO ROAD, VIA AKINYELE IROKO",IBADAN,8166223236,606,Oladeji Simon Olabisi,Ibadan / Oyo
1042601,FEDIS FARM,"EXADO CLOSE, TORO ROAD MODAKEKE,OSUN",OSUN,8069563315,509,Folorunso Mark Eniola,Osun State
1042603,GOODSTACK INTEGRATED CONCEPT,"90,Okunola road,Adjacent Rauf Aregbesola Health",LAGOS,8039399299,513,Godwin Esenyie,Lagos
1042604,KHADIJA FARM,"MALUMFASHI,HAYIN GADA.",KATSINA,8132087619,407,Stephen Olushola,Katsina
1042605,UMMA HANNAT INTEGRATED FARMS,"BAMPAI ROAD, KANO STATE",KANO,8025318172,407,Stephen Olushola,Kano
1042606,HAMISU AGRO,"NO 2 KATAKO MARKET, JOS",JOS,7015563955,407,Stephen Olushola,Jos / Plateau
1042607,PRIMACY FARM,"NO 12 IBRAHIM BATURE NAFSAT ROAD, KAWO KADUNA",KADUNA,706711005,417,Fayemi Salamon Olushola,Kaduna
1042608,TI OLUWANI FARMS,"Egbejila Ilorin, kwara",ilorin,8064469007,513,Godwin Esenyie,Ilorin / Kwara
1042609,TOM'S FARM,"IPOGUN ROAD,ILARAMOKIN AKURE",AKURE,7039764095,509,Folorunso Mark Eniola,Ondo State
104261,Anurem Farms,"9m close,oluyole estate ib.",Ibadan,8032510412,501,Lateef,Ibadan / Oyo
1042610,ALHALAL VENTURES,"BEHIND NANA FARM, ALINBO VILLAGE, OWODE",OWODE,7065670269,605,Dr. Abdulazeez Abiodun Oyetungi,Owode
1042611,KARIGO FARMS,"OGOTUN EKITI,EKITI STATE",EKITI,7063362733,513,Godwin Esenyie,Ekiti
1042612,M & W,"AIYEPE IJEBU, SHAGAMU",SHAGAMU,8037073178,513,Godwin Esenyie,Shagamu
1042613,SIKWAK FARM,CAMP IDO LOCAL GOVT IBADAN,IBADAN,9051069206,513,Godwin Esenyie,Ibadan / Oyo
1042614,HILLCREST CATTLE,"KM 2,AJASE,IPO ILORIN OFFA ROAD",ILORIN,8021011294,606,Oladeji Simon Olabisi,Ilorin / Kwara
1042615,SARLAAC INTEGRATED FARMS & PROCESSING,"FLOU MILL, KAFANCHAN, KADUNA STATE",KADUNA,8050696065,406,Dr.Ize Okeji,Kaduna
1042616,LEADCITY UNIVERSITY FARM,"LEADCITY UNIVERSITY, TOLL GATE IBADAN",IBADAN,9042708335,509,Folorunso Mark Eniola,Ibadan / Oyo
1042617,FOSTAR AGRO ALLIED VENTURES,"NO 4 AYU PLAZA,UNION BANK ROUND ABOUT GOMBE",GOMBE,7037291330,417,Fayemi Salamon Olushola,Gombe
1042618,GOD'S WILLING INTEGRATED FARM,CASHIP ALONG AJEGUNLE EGBEJILA ASADAM ILORIN,ILORIN,8033968753,606,Oladeji Simon Olabisi,Ilorin / Kwara
1042620,NOURITURE AGROVET NIGERIA LIMITED,"PLOT 33934 BESIDE COCACOLA YAKUBU GOWON WAY, JOS",JOS,8033735475,406,Dr.Ize Okeji,Jos / Plateau
1042622,NOBLE EAGLE,"6/7,LIGHT INDUSTRIAL LAYOUT BENIN, OWO ONDO",ONDO,8132401719,509,Folorunso Mark Eniola,Ondo State
1042624,SULTANATE FARMS,"NO 1 AGALARA TOWN LANGEL,TOFA LGA,KANO",KANO,8033958766,407,Stephen Olushola,Kano
1042625,MERCY SPEAKS FARM &CONSULT,GBONGBO ADURA ADEKOM JUNCTION,IBADAN,8060124414,512,Afolabi Michael Abolade,Ibadan / Oyo
1042626,BUMKIS EMPIRE FARM&CONSULT,"NO 20,RD 2 UNITY AVENUE OFF IDI AHUN, OLUYOLE",IBADAN,8061382919,512,Afolabi Michael Abolade,Ibadan / Oyo
1042627,KINSBELLA FARMS,"NO 6 ROAD 6, OLORUNSOGO ABANL A II,OMI ADIO. IBADAN",IBADAN,8034198273,509,Folorunso Mark Eniola,Ibadan / Oyo
1042628,DAPTOS FARM,NO 12 ALENIBARE OGBONDOROKO OLOKONLA AREA ILORIN,ILORIN,8030728373,606,Oladeji Simon Olabisi,Ilorin / Kwara
1042629,TRIPPLE B FARM NIG.LTD,AIRPORT ROAD KADUNA,KADUNA,8027471105,417,Fayemi Salamon Olushola,Kaduna
1042630,BIG LTD,74 NEW AKEETAN LAYOUT OYO,OYO,7047674779,513,Godwin Esenyie,Ibadan / Oyo
1042632,NMS FARMS,LANGAL VILLIAGE NO1 HAWAYA KANO,KANO,8027273222,407,Stephen Olushola,Kano
1042633,COVENANT FEED,KM 8 ABEOKUTA LAGOS ROAD ABEOKUTA,ABEOKUTA,8034048402,606,Oladeji Simon Olabisi,Abeokuta
1042635,IBUKUN FARM,ILARAMOKIN ONDO,ONDO,7039764095,513,Godwin Esenyie,Ondo State
1042636,AJIYO FARMS,ADO AWAYE ISEYIN LOCAL GOVERNMENT AREA,OYO,9015387708,503,Tope,Ibadan / Oyo
1042637,CHIKADAWA INTEGRATED FARMS,"15 GWARZO ROAD, JANGUZA VILLAGE KANO",KANO,8037001181,407,Stephen Olushola,Kano
1042638,NORABAQ CONCEPTS & LOGISTICS LIMITED,"IDIPR FARM VILLAGE, ERIWE VIA IJEBU ODE",OGUN,8169496284,508,Mr.Adekunle Damilola,Ogun State
1042639,NASRA FEED,MARKET JOS PLATEU STATE,PLATEU STATE,8137289268,407,Stephen Olushola,Plateu State
104264,Frances Adesanmi,Faleke Area Omi-Adio Apata Ibadan,Oyo State,8038305444,501,Lateef,Ibadan / Oyo
1042640,DIZ FARM AND AGROVET SERVICES,"SHOP 9 CITY PLAZA,RING ROAD KANO",KANO,8065287032,407,Stephen Olushola,Kano
1042641,JOYOUS FARMS SERVICES,"ABA ODO, AKINYELE IBADAN",IBADAN,8033774281,509,Folorunso Mark Eniola,Ibadan / Oyo
1042642,MUSA AGRO VET,OPPOSITE CENTRAL MARKET KASTINA,KASTINA,8037913639,407,Stephen Olushola,Kastina
1042644,EDEN FARMS,C/O KIBAT SLUTION LTD BEHIND CKCC SCHOOL IJEBU-ISHIWO,IJEBU,9122747764,508,Mr.Adekunle Damilola,Ijebu
1042645,BUD AGRO CONSULTS LTD,"NO 2,ZONE 2, OPERE,NEW GARAGE , IBADAN",IBADAN,9134152154,509,Folorunso Mark Eniola,Ibadan / Oyo
1042646,HD FARMS,KASTINA,KASTINA,8133333048,407,Stephen Olushola,Kastina
1042647,HAMUD HABIBI FARM,"GANDU NEW LAYOUT, KANO",KANO,8033370048,407,Stephen Olushola,Kano
1042648,ERNEST UNIVERSAL FEEDMILL,"SSS QUARTERS JUNCTION, JIKWOYIN PHASE 2 ABUJA",ABUJA,8062907693,412,Eniolorunda Seun Emmanuel,Abuja / FCT
1042649,FRANKBASE NIGERIA LIMITED,"1 FATIA ATERE STREET,MUSHIN LADIPO LAGOS",LAGOS,8035713885,606,Oladeji Simon Olabisi,Lagos
1042650,FIRAKH GLOBAL,"NO 1 YAN ALI TOWN, DAWAKIN KUDU LOCAL GOVT",KANO,8065436261,407,Stephen Olushola,Kano
1042651,AH FARMS LTD,JIDO RIJIYAR GWANGWAN ALONG MAIDUGURI ROAD KANO,KANO,8038123685,407,Stephen Olushola,Kano
1042652,EMMANUEL OLA FARM,"1, ODUNKOLA STREET IJEBU",IJEBU,8056615876,501,Lateef,Ijebu
1042654,JJ FARMS,KAKAU KADUNA,KADUNA,8036399764,407,Stephen Olushola,Kaduna
1042655,AQUABOOST NUTRITION LTD,"FUT MINNA, GIDAN KWANO MINNA, NIGER",NIGER,9015123887,407,Stephen Olushola,Niger
1042656,ERNIE'S FARM,AKUFO FARM SETTLEMRNT IDO,IBADAN,7041001963,512,Afolabi Michael Abolade,Ibadan / Oyo
1042659,XINFA AGRICULTURE,IDO AREA,IDO AREA,8039996372,5,Peter,Ido Area
104266,Albatross Farms &Hatchery,"3 IROWO QTRS,ALADE IDANRE,ONDO STATE",Ondo State,8081604559,2000,Raji,Ondo State
1042661,VARIETINARY FARM LTD.,"36 IKARA ROAD, TUKUR LAYOUT ZARIA",KADUNA,7062758696,407,Stephen Olushola,Kaduna
1042662,ELIM LIVESTOCK NIGERIA,OLOPEMEJI JUNCTION ABA PUPA ASEJIRE,IBADAN,8033838359,509,Folorunso Mark Eniola,Ibadan / Oyo
1042663,ALBARKA FARMS AND EGG DEPOT,KUMBOTSO LOCAL GOVERNMENT KANO,KANO,8036569882,407,Stephen Olushola,Kano
1042664,IBADAN BAPTIST CONFERENCE FARM,LASOKUN IDI-ISIN,IBADAN,8039740836,606,Oladeji Simon Olabisi,Ibadan / Oyo
1042665,CHIBUNDU & SONS,GERO ROAD BUKURU JOS,JOS,8035222376,407,Stephen Olushola,Jos / Plateau
1042667,EXCELLENT FARMS,"OLD IPELE ROAD, ONDO",ONDO,8036958000,513,Godwin Esenyie,Ondo State
104267,Sonneks Edge Ltd,"No 165, Akowonjo Road Alimosho Lagos",Lagos State,8033374096,6,Mr Dayo,Lagos
1042670,BAFMA FEEDS,"VIVA LINE, GUNDUMAWA KANO",KANO,7034996130,407,Stephen Olushola,Kano
1042671,JEEL GLOBAL CONCEPTS LIMITED,"2, ELDER MARCUS WIKE STREET, OFF JAROS BUS STOP",PORT HARCOURT,8160518734,509,Folorunso Mark Eniola,Rivers / PH
1042672,OSINAIKE FARM,3 ORON ROAD UYO AKWA IBOM,AKWA IBOM,7031050140,509,Folorunso Mark Eniola,Akwa Ibom
1042673,EVEREST AGRO VENTURES,ALONG OLD AIRPORT TUDUN WADA JOS,PLETEAU,9072740130,407,Stephen Olushola,Pleteau
1042674,ASMAR INTEGRATED FARM,"KADUNA-ZARIA ROAD MARABA, JOS",KADUNA,8039646549,407,Stephen Olushola,Kaduna
1042675,Monday Feedmill,"BUKURU EXPRESS WAY JOS, PLEATEU",JOS,8036058664,407,Stephen Olushola,Jos / Plateau
1042677,DAN AGRO,"OPPOSITE FIRE SERVICE, BUKURU JOS, PLATEAU STATE,","JOS, PLATEAU STATE.",8036589069,418,Nancy Daniel,Jos / Plateau
1042678,CHOICE FEEDS,APATA FEEDMILL OMI ADIO,IBADAN,7064938540,509,Folorunso Mark Eniola,Ibadan / Oyo
104268,Josmak Farm,Otunla Village Omi-Adio Apata Ibadan,Ibadan,8037192210,5,Peter,Ibadan / Oyo
1042683,N.I GLOBAL FARMS LTD.,"IDILE AGBOWAB ROAD, ISOYIN IJEBU, OGUN STATE",OGUN,8034895623,501,Lateef,Ogun State
1042684,POL INTEGRATED FARMS LIMITED,AGO TENTE OMI ADIO IBADAN,IBADAN,8023126261,509,Folorunso Mark Eniola,Ibadan / Oyo
1042685,LABURG AGRO,IDI IROKO BADAGRY,LAGOS,8027555174,503,Tope,Lagos
1042687,ZEEZAAN FARM SERVICES,NO 1 TEWURE BESIDE ODERE SECONDARY SCOOL ILORIN,ILORIN,8026205558,512,Afolabi Michael Abolade,Ilorin / Kwara
1042688,ABU DAJAJAH FARM,AKUNYUN ALONG OLD OGBOMOSO ROAD ILORIN,ILORIN,8064422150,509,Folorunso Mark Eniola,Ilorin / Kwara
1042689,IGBALODEFARMER FARM,ILEFON IJEBU ODE ALONG ILESE MILITARY BARRACK,OGUN,8058110396,501,Lateef,Ogun State
1042690,GMK TRANSACTIONAL ENTERPRISES,33 ALARAMIMO STREET OKO OBA LAGOS,LAGOS,8028272908,503,Tope,Lagos
1042691,JAMSAD HALAAL FARM,LEKKI PHASE EYENKORIN ILORIN,ILORIN,7065725356,509,Folorunso Mark Eniola,Ilorin / Kwara
1042692,NAGODI AGROVET AND FARMS LTD,DUTSEN KURAN GEWARI MINNA NIGER,NIGER,8038492169,407,Stephen Olushola,Niger
1042694,GRACE JACOBS FARMS,"KM 18 BENIN AKURE RD,IDUMWUEHIGIE, BENIN CITY",BENIN,8068696444,606,Oladeji Simon Olabisi,Edo / Benin
1042695,WAHAB FARMS,"ILESE IJEBU ODE , OGUN STATE",OGUN,8067098876,501,Lateef,Ogun State
1042696,GREAT ZEAL FARMS LTD,"BEHIND COMMUNITY SEC SCHL,ALAPOTI VILLAGE ATAN OTA OGUN",OGUN,8034749835,513,Godwin Esenyie,Ogun State
1042697,AGRO HOF FARMS,OYIGBO RIVERS STATE,RIVER,8037105160,513,Godwin Esenyie,River
1042699,SABON RUWA FARM,DAKA TSALLE VILLAGE KANO,KANO,7033584887,407,Stephen Olushola,Kano
104270,Demos Feedmill,"km.12, Bode-Igbo, Ibadan",Ibadan,8066798648,501,Lateef,Ibadan / Oyo
1042700,LABAR GRAIN AND FEED MERCHANTS,7B SOKOTO ROAD OPP NUGA GATE ABU SAMARU ZARIA,ZARIA,8062488634,406,Dr.Ize Okeji,Kaduna
1042703,ALAYANDE FARM,"BEHIND MAD RAJI INSTITUTE OLAQ ROAD, EJIGBO OSUN STATE",OSUN,8052755450,509,Folorunso Mark Eniola,Osun State
1042704,PLATINUM FEEDS & VET SERVICES LTD.,NO 909 NAIBAWA EASTERN BYPASS KANO,KANO,8077754636,4,Stephen,Kano
1042706,REMTON FARM,AKUFO FARM SETTLEMENT NO H3,AKUFO,8034412482,509,Folorunso Mark Eniola,Akufo
1042707,FEHINTOLUWA FARMS,OKOSE VILLAGE OMI ADIO APATA,APATA,8065701493,509,Folorunso Mark Eniola,Apata
1042708,"REMI""S FARM",ADEKUNLE NEAR AGBOFIETI IBADAN,IBADAN,8055961891,513,Godwin Esenyie,Ibadan / Oyo
104271,Adegboyega Farm,Ogbomosho South L.G.,Arowomole-Ogbomoso,8078496824,5,Peter,Arowomole-Ogbomoso
1042711,EZEMACO BOOSTER FEEDS,"PLOT 20 OKPUZIGE VILLAGE EDE OBALLA NSUKA LGA, ENUGU",ENUGU,8064720200,322,Kingsley Ikenna,Enugu
1042712,AC OKIGBO FARM& AGRO ALLIED LTD.,"NO 4A OBOSI ROAD, OBOSI NJOR JUNCTION ONITSHA",ANAMBRA,8068382448,322,Kingsley Ikenna,Anambra
1042714,HAMUDADUKE FARM,BAYERO UNIVERSITY KANO,KANO,8139768127,407,Stephen Olushola,Kano
1042715,AQUACULTURE SOLUTIONS LTD,DAN HASSAN VILLAGE RANO LOCAL GOVT,KANO,9076538009,407,Stephen Olushola,Kano
1042716,DHENUM FARM,NO 19 DADINKOWA JOS PLEATEU,JOS,7081177070,407,Stephen Olushola,Jos / Plateau
1042717,SIDDIQA FARM,"DAGULAU TUDU WADA LG, KANO",KANO,8036875061,407,Stephen Olushola,Kano
104272,Goyen Farm,"3, New Layout off Main av. Idi-Ishin, Jericho",Ibadan,8032123120,501,Lateef,Ibadan / Oyo
1042720,EL-SHADDAI I.S.LT.D IFEWARA,"OWENA IFEWARA ROAD, IFEWARA OSUN",OSUN,7061006288,509,Folorunso Mark Eniola,Osun State
1042722,LEMANS INTEGRATED FARMS,BIRSHIN FULANI VILLAGE OPP FEDERAL POLY BAUCHI,BAUCHI,8060880431,407,Stephen Olushola,Bauchi
1042723,FZARM AGRO CONSULT LTD,"UACN COMPLEX PANSEKE, IBARA, ABEOKUTA",ABEOLKUTA,70017703511,509,Folorunso Mark Eniola,Abeolkuta
1042724,GADZAMA AMOS ALI,KM 2 PAIKO IBWA ROAD GWAGWALADA FCT ABUJA,ABUJA,8052343838,412,Eniolorunda Seun Emmanuel,Abuja / FCT
1042725,CARO FARMS,MOGAJI AGBAJE AREA OFF OKE OLA-IWO,OSUN,8033701595,509,Folorunso Mark Eniola,Osun State
1042726,AFRICA PRO FISH,"OUIDAH VASSEHO, VON BEL AMI MAISON SONON BAI ,JEANNE,",BENIN,2290197064991,513,Godwin Esenyie,Edo / Benin
1042727,TMDK INDUSTRIES LTD,"SABAWA INDUSTRIES LAYOUT, RIGACHIKUN ZARIA EXPRESS WAY",KADUNA,8139113662,407,Stephen Olushola,Kaduna
1042728,BLUEFOOD & INNOVATIVE FARM,NLNG ROAD OBUNA YENAGOA BAYELSA,BAYELSA,8034049686,322,Kingsley Ikenna,Bayelsa
1042729,ZION FARM,5 U/suwe church street Goin GORA KADUNA,KADUNA,8167750773,407,Stephen Olushola,Kaduna
104273,Tola Farm,Owode Estate Wire & Cable Ibadan,Ibadan,8056624884,5,Peter,Ibadan / Oyo
1042730,FZARM AGRO CONSULT LTD,"UACN COMPLEX PANSEKE, IBARA, LANDMARK ABEOKUTA",ABEOKUTA,8034049406,509,Folorunso Mark Eniola,Abeokuta
1042731,EMMAWISS FARMS,"60 AJISEGIRI STREET, AGODO EGBE, LAGOS",LAGOS,7065832871,509,Folorunso Mark Eniola,Lagos
1042732,SUNRISE GLOBAL AGRO SERVICES,DIVINE HOPE PLAZA KM1 ASABA -IBUZA ROAD KWALE PARK,ASABA,7034548277,322,Kingsley Ikenna,Delta State
1042735,FIRDAUS INTEGRAATED FARM,"BALLAH ELERE ROAD AFTER POLICE SECONDARY SCHL,BALLAH",ILORIN,8028776833,606,Oladeji Simon Olabisi,Ilorin / Kwara
1042736,FAST GROW FEED,"FUNTUA ROAD SHIKA, ZARIA",ZARIA,7039137383,406,Dr.Ize Okeji,Kaduna
1042737,GOLDEN ELITE FARM,KM 9 KADUNA EXPRESS,KADUNA,8167462014,407,Stephen Olushola,Kaduna
1042739,MOSPOTECH FEEDMILL,"MECHANIC VILLAGE, ABA EKO, ALONG IDO ROAD",IBADAN,8035225888,513,Godwin Esenyie,Ibadan / Oyo
1042740,AATIKS GLOBAL RESOURCES,ROAD B LANE 1 ITESIWAJU NERW TOWN PANADA OFF OMI ADIO,APATA IBADAN,7038028556,513,Godwin Esenyie,Ibadan / Oyo
1042741,BALIVET AGRO CONCEPT,BWARI ABUJA FCT,ABUJA,8039374250,412,Eniolorunda Seun Emmanuel,Abuja / FCT
1042742,DACOLE POULTRY AND ALLIED CONCEPT LIMITED,151 AKA ROAD UYO AKWA IBOM,AKWA IBOM,8032655613,322,Kingsley Ikenna,Akwa Ibom
1042743,GIDOS AGRO ALLIED,KM 34 KEFFI EXPRESSWAY UKE NASSARAWA,NASSARAWA,8030019366,4,Stephen,Nassarawa
104275,Oja Farm,Oganla Beside Nicon Engineering Owode Ibadan,Oyo State,7030126613,501,Lateef,Ibadan / Oyo
104277,Ola Fish Farm,Oganla Along Wire &Cable Orisunbare Owode Ibadan,Ibadan,8034723566,501,Lateef,Ibadan / Oyo
104278,Dr. Aasa Gbenga,"NO 28, Edun Alaran Alhamadia Ojukoro Ijaiye Lagos",Lagos,8062257234,6,Mr Dayo,Lagos
104279,Odujobi Farm,Beside Iddo Local Government Office,Oyo State,8035779753,2000,Raji,Ibadan / Oyo
104281,Supreme Agro Allied Nig. Ltd,Along Onigbagbo Omi-Adio Along Abeokuta Road,Ibadan,8032293840,5,Peter,Ibadan / Oyo
104283,Abidemi Fish Farm,Bode Igbo Omi-Adio Ibadan,Ibadan,8036691488,5,Peter,Ibadan / Oyo
104284,Free Range,"HEAD OFFICE ADDRESS: 2 Ilupeju Bye Pass, Ilupeju Lagos",Lagos State,8037937544,2000,Raji,Lagos
104292,AKinsanmi farm,"Osebele Camp, Along Bode Igbo Wire &Cable Apata Ibadan",Oyo State,8052001390,2000,Raji,Ibadan / Oyo
104293,Premium poultry farms,"NO. FL.22, PasaliFarm Layout, Along Kuje -Gwagwalada",Abuja,9070345973,412,Eniolorunda Seun Emmanuel,Abuja / FCT
104296,Boar Feed,"55, Arigbanla Street Agege Lagos",Lagos,8033047350,606,Oladeji Simon Olabisi,Lagos
104298,Bafon Farms,Ishaga,Ibadan,8052392140,501,Lateef,Ibadan / Oyo
104299,Just Farm,"Lagos - Ibadan Expressway Aribikofa Village, Opposite",Ibadan,8.0642897690805798E+17,2000,Raji,Ibadan / Oyo
104300,Madej Farms Nig Ltd,Bakatari Omi- Adio Ibadan,Ibadan,8.1340125970805005E+17,5,Peter,Ibadan / Oyo
104301,Joak Farm,"Owode Extension, Apata Ibadan",Oyo State,8060062539,2000,Raji,Ibadan / Oyo
104302,Lasana Farms,ibafo lagos,lagos,8068934724,605,Dr. Abdulazeez Abiodun Oyetungi,Lagos
104303,Nu - Breed Farm,Kobape Abeokuta,Abeokuta,8062295887,2000,Raji,Abeokuta
104304,Fasolab Animal & Aquaculture,IJEBU-IGBO,Ijebu Igbo,8051156816,501,Lateef,Ijebu Igbo
104305,Chimero Agrovet,14th Avenue Oluyole Extension Ibadan,Ibadan,8034741132,501,Lateef,Ibadan / Oyo
104306,Niyya Farms Limited,"KM 60, Kaduna - Abuja Road",Kaduna- Abuja,62415040,5,Peter,Kaduna
104308,EMIRAZ,ojo agric settlement,Lagos,8033201867,130,Alex Adekoya,Lagos
104309,sabina pad,agege lagos,Lagos,8033291346,606,Oladeji Simon Olabisi,Lagos
104310,Ayoade Oluseyi Ayowale,1 Health centre road,Ijebu-Ode,7031266490,2000,Raji,Ijebu-Ode
104311,Ave investment,"NO5, Station Road, GRA Enugu State",Enugu,8067839171,322,Kingsley Ikenna,Enugu
104312,Chriscom Farm,"Akuru Oluyole Extension, Ring Road Ibadan",Oyo State,8032382946,2000,Raji,Ibadan / Oyo
104316,Agric - Dom Intergrated Nig. Ent,Ire Alim Kwara Ilorin State,Ilorin,7031363129,5,Peter,Ilorin / Kwara
104317,Godwin Ojo,Aba Teacher Omi - Adio Ibadan,Ibadan,8075943315,5,Peter,Ibadan / Oyo
104321,2AB Farms,"Apata, Ibadan",Ibadan,8026378080,2000,Raji,Ibadan / Oyo
104322,Pally Agro Farm,Ashapa Village Ogun State,Ogun State,7066965687,503,Tope,Ogun State
104323,Mr. Saka Taoheed,"ikare akoko,ondo state",Akure,8038489966,501,Lateef,Ondo State
104330,Tayelolu Farms,Sotunbo Ikorodu Road.,Sagamu,8037216513,503,Tope,Sagamu
104332,Eriku Farm,Ijebu- Igbo Ogun State,Ogun State,8037546554,501,Lateef,Ogun State
104333,Divine Feedmill,Iyana Church Monatan Ibadan,Oyo State,8133077955,2000,Raji,Ibadan / Oyo
104334,Demirs Farm,Ikorodu,Lagos,8035102561,503,Tope,Lagos
104335,Nation Feeders,Shagamu Ogun State,Ogun State,8098036164,503,Tope,Ogun State
104337,Moons Feedmill,Enugu State,Enugu,8033426754,3,Ian,Enugu
104339,Zion Height Feedmill,"Old Ondo Road, Ijebu- Ode , Ogun State",Ijebu-Ode,8167862352,501,Lateef,Ijebu-Ode
104342,Kenny Success Feed,Airport Road Ilorin,Ilorin,8033945372,512,Afolabi Michael Abolade,Ilorin / Kwara
104346,Fidelity Feedmill,"No5, Goddy Onya Close Off Ebu Imo State",Owerri,8033269669,3,Ian,Owerri
104348,Thomas Beckett Intergrated Farm Ltd,Agbakin Village,Ogun state,8074013523,5,Peter,Ogun State
104352,Ayoola Fish Farm,Bode- Oke Igboho Along Agbooro Road Oyo StateL,Oyo State,8075719444,509,Folorunso Mark Eniola,Ibadan / Oyo
104354,DEVINE FEEDMILL,"ONDO ROAD, AKURE",Akure,7031360546,170,Mr.Afeez Babatunde Adeosun,Ondo State
104355,Da- Ogboe Farms,Jos Plaeau State,Jos,8037023825,3,Ian,Jos / Plateau
104356,Ideal Feedmill,Sagamu Express Junction,Shagamu DR,8037213571,503,Tope,Shagamu Dr
104357,Animal Arena - Abeokuta,"7, Kuto Road, Isabo",Abeokuta,8033353402,5,Peter,Abeokuta
104358,Tony Farm (O&T),"OFFICE ADDRESS: 131, Okepe Road, Sapele Delta",Delta State,8033974386,311,Dr.Ogunwemimo Oluwole Leken,Delta State
104360,Victory Fish Farm,"NO45, Dorcas Street, Ijako Sango Otta Ogun State",Ogun State,8106508300,508,Mr.Adekunle Damilola,Ogun State
104362,Teesyem Global Concept,"116, Arapaja Road Along Ijebu -OdeRoad Ogun State",Ogun State,8168233217,501,Lateef,Ogun State
104363,Feslabon Farms,ATAN OTA,Ogun State,8058875969,5,Peter,Ogun State
104369,Nuga Royal Aqua Feeds,Ayangburin market sabo ikorodul,Lagos,8052787458,6,Mr Dayo,Lagos
104371,Nikol Farms,Anifalaje Akobo Ibadan,Oyo State,8022115441,2000,Raji,Ibadan / Oyo
104375,Bora Farms Ltd,NNKO Enugu State,Enugu,8026414090,3,Ian,Enugu
104379,Eatmore Farm,"Aba- Eleso, Omi - Adio, Along Abeokuta Ibadan Road",Oyo State,8053602728,2000,Raji,Ibadan / Oyo
104380,Ope Oluwa - Farm,Sagbesa Oshogbo Osun State,Osun State,7032027474,2000,Raji,Osun State
104381,Omo- Oke Farm,"Olorun Village, Wire &Cable Owode Apata, Ibadan",Oyo State,8033630007,5,Peter,Ibadan / Oyo
104382,Greenfield Vet. Pharmacy,"No 38, Tafa Balewa, Opposite Former Penuma Hotel Jos",Plateau State,8033450658,501,Lateef,Jos / Plateau
104383,Ojemai Farm Ltd,"Km6, Upper Ekenwan Road Ugbiyikho Village Benin",Edo Benin State,7015203601,311,Dr.Ogunwemimo Oluwole Leken,Edo / Benin
104384,Jennissi Farms,"No5, Essien Road Ikot- Epen Akwa Ibom State",Akwa Ibom State,8036697012,501,Lateef,Akwa Ibom State
104388,Sayed Farm,8 Magazine Road Jericho Ibadan,Ibadan,8158681166,5,Peter,Ibadan / Oyo
104391,Josbet Feedmill,"Olomi Area, Academy Beside Royal B Hotel iBADAN",Oyo State,8051499226,2000,Raji,Ibadan / Oyo
104394,Bababiwura Farm,"Idomila Road, Behind Mountain OF Fire Church Ijebu Ogun",Ogun State,8056885858,5,Peter,Ogun State
104396,Ighodalo Farm,"No14, Off Petroleum Dept Benin",Benin,8033599464,3,Ian,Edo / Benin
104399,Abiodun George,"29, Ola Street Abaranje Road, Off Asalu Bus Stop Ikotun",Lagos State,8082047162,6,Mr Dayo,Lagos
104401,Mamat Ikangba,Ijebu - Ode Ogun State,Ijebu - Ode,8079512624,501,Lateef,Ijebu - Ode
104404,Fabro Nig Ltd,Ibadan,Ibadan,8105561890,501,Lateef,Ibadan / Oyo
104406,Stanley Toba,Alagbado Akerele Street Outskirts Lagos State,Ogun State,8038289598,501,Lateef,Ogun State
104408,Mobat Feed,Agbara Road,Lusada,8033720046,503,Tope,Lusada
104411,Indomino Farm,no 5 ijebu idanre ogun state,ogun state,8035659006,501,Lateef,Ogun State
104412,Nikseg Food Ltd,"KM 6 sapele road, Benin",Benin,8055528888,3,Ian,Edo / Benin
104415,Top Farm,Ondo Town Ship,Ondo,8035268581,501,Lateef,Ondo State
104416,Terudee,"Old Ife Road, Ibadan",Ibadan,8055005709,5,Peter,Ibadan / Oyo
104417,MR. JOHN ASUQUO,"18, St. Gregory Rd. SW. Ikoyi",Lagos,817164165,6,Mr Dayo,Lagos
104424,Farm Support,"Ibadan, Oyo State",Oyo State,8037029735,5,Peter,Ibadan / Oyo
104425,Anadariya Industries,"181 Club Road,",Kano,2348038888800,407,Stephen Olushola,Kano
104427,Bodillion Feedmill,"59, Aroromi Street Ijebu Ode",Ogun State,8065619600,5,Peter,Ogun State
104428,Deblat Ltd,"Shop10 - 12 , Balek Shopping Center Inu - Olaji, Way",Oyo State,8083916272,5,Peter,Ibadan / Oyo
104429,Al-Amin,Ijebu - Ode Ogun State,Ijebu-Ode,8055237142,5,Peter,Ijebu-Ode
104430,Faith Animal Health Concept,"Benin Express Way, Edo State",Benin,8033797826,3,Ian,Edo / Benin
104433,Ada Farm,No 45 Upper Saponba Benin,Benin,8075226957,311,Dr.Ogunwemimo Oluwole Leken,Edo / Benin
104434,Jappa Nigeria Ltd,"195, MM Way Benin State",Benin,8034120766,311,Dr.Ogunwemimo Oluwole Leken,Edo / Benin
104436,Mustapha Oluwaseun,"A1/1 Aleke Street, Odosinwoade Ijebu North west Local",Ogun State,8057260737,2000,Raji,Ogun State
104437,Primceway Agro Investment,Alakia Adegbayi Road Ibadan,Oyo State,8093627886,501,Lateef,Ibadan / Oyo
104439,Osakue Farms,Presco Road Agbonmoba ViLLAGE Off Benin/ Sapele Road,Benin,8027003261,3,Ian,Edo / Benin
104440,Ali - Sam Agro- Auide Ltd,"plot 305, Benin Edo State",Benin,8176017648,3,Ian,Edo / Benin
104444,Premier Farm,"NO8, Magazine Road Dugbe Ibadan",Oyo State,8063599672,2040,Oluwole,Ibadan / Oyo
104447,Ewewe Martins,"Ibadan, Oyo State",Oyo State,8032148300,501,Lateef,Ibadan / Oyo
104448,Avian & Livestock Project Ltd,NUT Building Court Road Kano,Kano,8037875684,4,Stephen,Kano
104449,Okunbor Farms,"Old Sapele Road, Okha Village Benin/ Sapele Road",Benin,8035813848,311,Dr.Ogunwemimo Oluwole Leken,Edo / Benin
104450,Kenny Farms,"17A, OLOHUNTUMO, BEMBO AREA, APATA.",Ibadan,8032802328,2000,Raji,Ibadan / Oyo
104451,Recago Farms,Lanlupon Estate Ibadan,Oyo State,8034253447,2000,Raji,Ibadan / Oyo
104452,Godfrey Farm,"Omi -Adio Apata, Ibadan",Oyo State,7039000019,2000,Raji,Ibadan / Oyo
104453,Joakins Farms Nig. Ltd,"7, Okejagun Ilodo Road Isoyin Via Ijebu- Ode",Ijebu-Ode,08022238618 08089489,6,Mr Dayo,Ijebu-Ode
104458,Adewole Farm,"Ibadan, Oyo State",Oyo State,8033683137,501,Lateef,Ibadan / Oyo
104460,Rainbow Feed Ltd,"Osioh Factory Road, Amuk Sapele",Delta,8131372247,3,Ian,Delta State
104462,Kaychims Farms,"Ibadan , Oyo State",Ibadan,8056251106,508,Mr.Adekunle Damilola,Ibadan / Oyo
104463,Fortune Heights,old ikenne road odogbolu ogun state,odogbolu,8050267406,503,Tope,Odogbolu
104465,Rayais Nig Ltd,28 liberty boulevard,JOS,8033233231,4,Stephen,Jos / Plateau
104467,Irene Farms,Plot 1-6 Baptist Close Agara Odo-Ona Elewe,Oyo State,8033218226,5,Peter,Ibadan / Oyo
104469,Akano Farms,"NO12, Olaogun Shopping Complex Old Ife road Ibadan",Ibadan,8052172446,2000,Raji,Ibadan / Oyo
104472,Rolep Vet Consult,Ikeja Lagos,Lagos,8055126932,605,Dr. Abdulazeez Abiodun Oyetungi,Lagos
104474,Awenix Farms Nig. Ltd,"Ibadan, Oyo State",Ibadan,8022224308,508,Mr.Adekunle Damilola,Ibadan / Oyo
104476,LNZ,Fawari Village Dawaki Kano,Kano,8033173884,4,Stephen,Kano
104477,Heritage Agro,"5 Nupa road, Kaduna",Kaduna,8060774562,407,Stephen Olushola,Kaduna
104480,Omo - Ok,IJEBU ROAD,IBADAN,8146258019,501,Lateef,Ibadan / Oyo
104481,Fauzia Farm,"S&G Zaria Expressway, Kaduna",Kaduna,8033939755,4,Stephen,Kaduna
104484,Dayntee Farms,offa town,kwara,8021011294,5,Peter,Ilorin / Kwara
104485,Oloruntele Farms,"EDE, AGBALE JUNCTION OSUN STATE","EDE, OSUN STATE",8032200218,2000,Raji,Osun State
104486,Godspower Farms,"Arise Oloko , Bembo Apata Ibadan",Oyo State,8079022971,2000,Raji,Ibadan / Oyo
104487,Femi Agboola,"OVIRI ROAD, AGBARHO , WARRI DELTA STATEl",DELTA STATE,8034528555,311,Dr.Ogunwemimo Oluwole Leken,Delta State
104488,Ola Farms - Ibadan,Akuru Area Elebu Oluyole Ibadan,Ibadan,7037871252,501,Lateef,Ibadan / Oyo
104489,Blue Taverns Investments,14 Jankata Road Off Dr. Olaoye Street Apata Ibadan,Ibadan,8084504033,513,Godwin Esenyie,Ibadan / Oyo
104490,Danafric Agro Ltd.,Shop 10b Nikem Plaza Opposite NNPC Apata Ibadan.,Oyo State,8033842310,501,Lateef,Ibadan / Oyo
104491,Moonlight Supreme Farm,New Ife Road Adegbayi Area Oyadere Village,Oyo State,8023231894,2000,Raji,Ibadan / Oyo
104492,Bolsons Farms & Agro Allied Ltd,"Ideal Feedmill Complex, Apena Via Bako Apata Ibadan",Ibadan,8037115854,512,Afolabi Michael Abolade,Ibadan / Oyo
104493,Ubakome,"15, Victory Lane Bukuru Jos",Jos Plateau State,8033818693,4,Stephen,Jos / Plateau
104494,Patrick Farm,Asero Abeokuta Ogun State,Ogun State,8072717104,5,Peter,Ogun State
104496,Aris Blue Resources,opp. fire service traning school bukuru exprees jos south,Jos,8036056246,407,Stephen Olushola,Jos / Plateau
104498,Da- Ore Nig Ltd,Ibadan,Ibadan,8076323008,508,Mr.Adekunle Damilola,Ibadan / Oyo
104499,Pastoral Agricultural Services,Idi Ayunre Sabo Along Ijebu -Ode Road,Ogun State,8038568946,501,Lateef,Ogun State
104502,Hadilam Farm,"Aba Koko Eruwa Road Ibadan, Oyo State",Oyo State,8057107891,513,Godwin Esenyie,Ibadan / Oyo
104504,Ayoola Farm,"Fadeku Along Egbeda Local Government, Iwo Road Ibadan",Oyo State,8038003175,501,Lateef,Ibadan / Oyo
104505,Olabosco Farm,Agbara Lagos State,Lagos,8077708577,6,Mr Dayo,Lagos
104506,M. D Poultry Farm,"KM15, Kachia Road Ijua Market Kaduna",Kaduna,8094982795,4,Stephen,Kaduna
104508,Sok - Farm,"Block3, Behind CAC Edu Lanlupon Ibadan",Oyo State,8078513990,2000,Raji,Ibadan / Oyo
104509,Kemq Global Farm,Ijebu - Ode Ogun State,Ijebu -Ode,8088762016,501,Lateef,Ijebu -Ode
104512,Fabeccks Farm Ltd,"Plot 7, David Dongban Close Behind Build Mat Market . Jos",JOS,8033795217,4,Stephen,Jos / Plateau
104513,Norvert Agro Consulting,"OFFICE ADDRESS: 91,Hospital Road Shagamu Ogun State",Ogun State,8132651347,2000,Raji,Ogun State
104514,United Marina,"Kutungare Kaduna Airpport Road, Kaduna",Kaduna,7031012441,4,Stephen,Kaduna
104515,Nastech Nig. Ltd,Jericho Quarters Ibadanl,Ibadan,8039371212,5,Peter,Ibadan / Oyo
104516,St. Partrick/Matucci Farm Nig. Ltd,Osamala Anambra State,Anambra State,7080486049,3,Ian,Anambra State
104517,Jakanna Agfeed,"Km24, Benin Sapele Road",Benin Edo State,7025620482,311,Dr.Ogunwemimo Oluwole Leken,Edo / Benin
104519,Lasybat Ventures,Abeokuta Ogun State,Abeokuta,8188625670,501,Lateef,Abeokuta
104522,Dare Feedmill,"Opp Christ High School, Oleye Road Odo- Ona Elewe Ibadan",Oyo State,8033162281,5,Peter,Ibadan / Oyo
104524,Patmos Dynamic Services,Benin Express Way,Benin,7025242681,3,Ian,Edo / Benin
104525,Sunchi Integ Farm Ltd,"Emene Layout Emene , Enugu State",Enugu,8060479759,3,Ian,Enugu
104526,Jethro Farm Ltd,Iddo Local Government Ibadan,Oyo State,8033657245,513,Godwin Esenyie,Ibadan / Oyo
104528,Oba Iyanu Agric Services,"21A, Orire Esate Idi Mango Soka Ibadan",Ibadan,8033613886,501,Lateef,Ibadan / Oyo
104529,Booms Farm,Aba Alamu Eruwa Road Ibadan Oyo State,Oyo State,8039605279,508,Mr.Adekunle Damilola,Ibadan / Oyo
104532,Jim Christian,Port Harcourt Rivers,Rivers State,8037679545,2000,Raji,Rivers / PH
104534,Gbenga Farm,"Ibadan, Oyo State",Oyo State,8055231024,508,Mr.Adekunle Damilola,Ibadan / Oyo
104538,Bot Farm,Arapaja Side New Garage Ibadan,Ibadan,7060457111,501,Lateef,Ibadan / Oyo
104539,Em Farm Ltd,Umuniya Onistsha Road,Onistsha,8035110283,3,Ian,Onistsha
104540,Biotin Farm,NH10 Nnamdi Azikwe Expressway Opposite Ganaba Filling,Kaduna,8034310048,4,Stephen,Kaduna
104541,Bench Mark Farm,Kaduna State,Kaduna,8033462882,4,Stephen,Kaduna
104543,Bola Farms,"Ibadan, Oyo State",Ibadan,8147434210,508,Mr.Adekunle Damilola,Ibadan / Oyo
104546,Divine Favour Farm,"Government College Apata, Ibadan",Ibadan,8058887917,5,Peter,Ibadan / Oyo
104547,Olu Farms,km 4 west bye pass new- oba road oke onita Osogbo Osun,Osogbo,8068319534,501,Lateef,Osogbo
104548,Miccon Farms Ltd,"4, Corner Chief Mic Onoh Enugu State",Enugu,8035419274,3,Ian,Enugu
104549,Jeromaski,"NO 8, Bank Road Kaduna",Kaduna,8036986322,4,Stephen,Kaduna
104550,Anthony Akinrin,"Iwo Township, Osun Statel",Osun State,8034741222,2000,Raji,Osun State
104551,Hassan,Shagamu Ogun State,Shagamu,8034971882,503,Tope,Shagamu
104553,Caterhan Farm,Asipa Road Along Abeokuta Sagamu Express Way,Sagamu,7032435144,503,Tope,Sagamu
104554,Balogun Farms,"Tade Village Iddo Road , Omi - Adio Ibadan",Oyo State,8055126932,513,Godwin Esenyie,Ibadan / Oyo
104555,Ayodele Farm,"Lagbede Street , Omi Adio Ibadan",Ibadan,8065174047,2000,Raji,Ibadan / Oyo
104557,Zion Gate,Along Ijebu Road,Ijebu,8075676080,501,Lateef,Ijebu
104558,Japiya Farm,"KM 107, Kaduna - Abuja Express way",Kaduna State,8033088535,4,Stephen,Kaduna
104559,Creddora Farms,Apatere Lagelu Local Government Along Iwo Road,Ibadan,8033450655,501,Lateef,Ibadan / Oyo
104560,Simple Farm,Airport Road Kaduna,Kaduna,7054050025,4,Stephen,Kaduna
104561,His Grace - Kaduna,"A1, Plot 2, Ogbomoso Road Kaduna",Kaduna,8033110221,407,Stephen Olushola,Kaduna
104562,Agro Contingent,Ajoboro Village Iddo Local Government,Ibadan,8066308274,2000,Raji,Ibadan / Oyo
104563,Joseph Farm,Ijebu - Ode Ogun State,Ijebu - Ode,8077320598,501,Lateef,Ijebu - Ode
104564,Fasusi Samuel Kayode (Joslad),Ilora Oyo Town,Oyo State,8034338327,5,Peter,Ibadan / Oyo
104565,Norcon Limited,"18, Dantata Road Bompai Kano",Kano,7037733333,4,Stephen,Kano
104566,Sovet Farm,Kano,Kano State,8036517977,4,Stephen,Kano
104567,Yammfy Farm Nig. Ltd.,"KM 8 ERIN ILE - ILEMMA ROAD,ILEMONA KWARA",ILEMONA,8067174036,5,Peter,Ilemona
104568,Bolawale Farms,Jakunna Village Owode- Egba Obafemi Local Govrt Ogun,Ogun State,"07032814057, 0815974",503,Tope,Ogun State
104569,Mrs. Balogun Farm,Eruwa Oyo State,Oyo State,7044096464,509,Folorunso Mark Eniola,Ibadan / Oyo
104570,Roopta Nig. Ltd,21 Unity Estate Adegbite Hse Olorunda -Aba Akobo Road,Ibadan,8034865985,5,Peter,Ibadan / Oyo
104571,Florieda Farm,Ado Ota Otta Ogun State,Ogun State,8095155524,5,Peter,Ogun State
104572,Tade Taye Farms,Igbesa Ogun State,Ogun State,8033566828,605,Dr. Abdulazeez Abiodun Oyetungi,Ogun State
104574,Two Brothers Agric Ventures,Railway station opposite former fidtec feed mill,Kaduna State,8023729645,4,Stephen,Kaduna
104575,Adeoba Farms,Idi - Ayunre Aba - Nla Village Ibadan,Ibadan,8033464148,2000,Raji,Ibadan / Oyo
104577,Jamal Farm,"Lagos Ibadan Expressway,",Ibadan,8034552082,2000,Raji,Ibadan / Oyo
104578,Seidu Farm,"Bale Osho Apete, Ibadan",Ibadan,7065560363,2010,Dr Ajayi,Ibadan / Oyo
104579,Omosola Farm,"KM 3, Ibadan - Ife Express Road Olufon Village",Osun State,7051092999,5,Peter,Osun State
104580,Tella Farms,Omi - Adio Apata Ibadan,Oyo State,8034131136,501,Lateef,Ibadan / Oyo
104581,Maestro Farm,Omi -adio Apata Ibadan,Ibadan,8055191000,513,Godwin Esenyie,Ibadan / Oyo
104582,Abraham Farm,"Ibadan, Oyo State",Ibadan,8034909556,509,Folorunso Mark Eniola,Ibadan / Oyo
104585,Manor Feedmill,"Farm Settlement Ologuneru, Eruwa Road Ibadan",Oyo State,708567788,513,Godwin Esenyie,Ibadan / Oyo
104587,Tri - G Bus Concept,"NO 1, Onistha/Enugu Road",Enugu,8033704910,3,Ian,Enugu
104588,Hakeem Farm,"Plot 4, Opeolu Layout , Olupoyi Apata, Ibadan",Ibadan,8132508473,2000,Raji,Ibadan / Oyo
104589,Raaf Intergrated Concept Limited,"No69, Akute Ajuwon Road, Opeyemi Busstop Akute Lagos",Ikorodu Lagos,8023310442,508,Mr.Adekunle Damilola,Lagos
104592,Mamaki Integrate Farms,Km40 Gora Abuja Keffi Express Road,Abuja,8138378903,4,Stephen,Abuja / FCT
104593,Boyon Farm,Igando,Lagos,8028684678,503,Tope,Lagos
104594,Ajarms Integrated Farms Ltd,"KM 40, Sabo Grini Road Kaduna",Kaduna,8033111631,4,Stephen,Kaduna
104595,Mama Vet,"NO 5, Kanoma Street Napet Shopping Mall Kaduna",Kaduna,8036939191,4,Stephen,Kaduna
104597,Jesven Farm,"Malam Road, Kaduna",Kaduna,8036944309,4,Stephen,Kaduna
104599,Bello Rufai,"33, ARAPAJA STREET, ODO-ONA KEKERE.",IBADAN,7056120958,2000,Raji,Ibadan / Oyo
104600,Olanrewaju Akinade,"Iseyin, Oyo State",Oyo State,8050509835,6,Mr Dayo,Ibadan / Oyo
104601,Bolab Farms,Ijurin Ekiti,Ekiti,8056290691,509,Folorunso Mark Eniola,Ekiti
104603,Agboola Farm,"Odota, Ilorin",Ilorin,8154925682,502,Ogundiran Elizabeth,Ilorin / Kwara
104604,Eagle Food Processing Ind Nig. Ltd,Ozara Ozukwu Anambra State,Anambra State,8035487239,322,Kingsley Ikenna,Anambra State
104606,Alheri Agrovet,"Sabo Area , Kaduna",Kaduna,8051886823,407,Stephen Olushola,Kaduna
104607,Vero Oboze,Warri Portharcourt,Rivers,8142895531,3,Ian,Rivers / PH
104609,DHF Animal Health,"4, Olowu Road, Off Idiroko Road Olorunda Opposite Adesba",Ogun State,802381735,503,Tope,Ogun State
104610,Maridol Farms Ltd,Maridol Close Edenike Enugu Eat Local Government,Enugu,8034789830,3,Ian,Enugu
104611,Rem Feedmill,Isokun Oyo Town,Isokun,8033772412,502,Ogundiran Elizabeth,Isokun
104612,Dolgeria Biosystem Ltd,Sango Ilorin,Ilorin,8033586966,502,Ogundiran Elizabeth,Ilorin / Kwara
104613,Oyofu Farms,"221, Gbekida Amemulegun Ondo Road",ONDO,8055855457,2040,Oluwole,Ondo State
104614,Total Quality Feedmill,"No 2 Express Olukunle, Olodo, Ibadan",Ibadan,8051396310,512,Afolabi Michael Abolade,Ibadan / Oyo
104615,Hero Best Agric,Ibadan,Ibadan,8033477220,501,Lateef,Ibadan / Oyo
104616,Landmark Omuran,Omu -Aran Kwara Ilorin,Ilorin,8025134209,512,Afolabi Michael Abolade,Ilorin / Kwara
104618,Pandagric Novum,Panda After Keffi Along Kaduna Road Karu Area Council,Nasarrawa State,8085272580,407,Stephen Olushola,Nasarrawa State
104626,Osademi Farms,Oojo Lagos State,Lagos State,9092159648,605,Dr. Abdulazeez Abiodun Oyetungi,Lagos
104629,Phed Agro,"Ewuru Road,Agbor, Delta State",Delta,8033439313,3,Ian,Delta State
104630,Real Precious,Ilorin Town,Ilorin,8035661921,512,Afolabi Michael Abolade,Ilorin / Kwara
104631,Apache Adache,SWT10/21 Guiza - Maraba Apache Veternary Centre,Nasarrawa State,8051698208,4,Stephen,Nasarrawa State
104632,Progress - Benin,Benin Express Way,Benin State,8023399003,3,Ian,Edo / Benin
104633,Ollydan,"Ganmo Road , Ilorin",Ilorin,7064709342,512,Afolabi Michael Abolade,Ilorin / Kwara
104634,Efo Agric Ltd,Benin Express Way,Benin,8036712059,311,Dr.Ogunwemimo Oluwole Leken,Edo / Benin
104636,Mobrook Enterprise,"NO 7 , Buruku Jos Road",Jos,80361222742,4,Stephen,Jos / Plateau
104638,Ilaji Farms,Oloyo Village Akanran Ibadan,Ibadan,8135127314,513,Godwin Esenyie,Ibadan / Oyo
104639,HHEN House Ltd,Owode Yewa Ogun State,Owode,8034082641,503,Tope,Owode
104641,Agricted Farm,Alomoja RoadAlong Ijebu - Ode Ogun Stateh,Ogun State,7054916796,501,Lateef,Ogun State
104642,Mr. Kayode,Ilorin Town,Ilorin,9099431640,502,Ogundiran Elizabeth,Ilorin / Kwara
104643,Livly,Ilorin,Ilorin,8060435456,502,Ogundiran Elizabeth,Ilorin / Kwara
104645,Mrs. Mathias Joe Efe Poultry Farm,Jos,Jos,8037038108,4,Stephen,Jos / Plateau
104647,Global Feeds Ltd,"Km 13,New Iyanya, Abuja-Keffi Road Nassarawa.",Nassarawa,08069767442. 0802910,412,Eniolorunda Seun Emmanuel,Nassarawa
104649,Mobis Farm,Yomitio Estatae Owode Egba Ogun State,Ogun State,8035260224,503,Tope,Ogun State
104650,Agbayi Simon Kent,"Plot 2, Goshen Villa Off Iruwon Road Ijebu Ogun State",Ogun State,8068723499,5,Peter,Ogun State
104651,Zartech Nig. Ltd,"Oluyole , Ibadan",Ibadan,8055990399,5,Peter,Ibadan / Oyo
104652,Mass Farms,Oyigbo Road Portharcourt Rivers State,Rivers State,8033396292,3,Ian,Rivers / PH
104653,Raph Veternary Services,"10, Uche Street Off Stadium Road Port Harcourt",Port Harcourt,8092864809,3,Ian,Rivers / PH
104655,Nigerchicks - Breeder Farm,Elele Omoku Road Egbeda Rivers State,Rivers State,"08104921937,",3,Ian,Rivers / PH
104656,Fredwise Agro Nigeria Limited,"43, LSDPC Shopping Complex Oba, Ogunji Road, Agege ,",Lagos State,8033339375,606,Oladeji Simon Olabisi,Lagos
104657,Gbollys Farm,Sami Village Omi- Adio Ibadan,Oyo State,8055911729,513,Godwin Esenyie,Ibadan / Oyo
104658,Madec Feedmill,Ilorin,Ilorin,8056712391,502,Ogundiran Elizabeth,Ilorin / Kwara
104659,Ebonyi State Farms,Interlink Ebonyi Abakaliki State,Abakaliki,8050677555,3,Ian,Abakaliki
104661,Open Source Farm,"BLOCK G8, AKUFO FARM SETTLEMENT, CAMP, IDO L.G.A.l",AKUFO FARM SETTLEMENT-IDO,8062282464,2000,Raji,Akufo Farm Settlement-Ido
104664,Yemi Ola Farm,Ibadan,Ibadan,8034755405,502,Ogundiran Elizabeth,Ibadan / Oyo
104666,Dr. Banjo,Ikorodu Lagos State,Lagos,8023160807,6,Mr Dayo,Lagos
104668,Zion Livestock Feed- Owerri,"76, Mbaisse Weathrer Road Owerri Imo State",Imo,8033423539,513,Godwin Esenyie,Imo
104670,Sparks Foods Ltd,"Akinmoorin Town , Afijio L.G.A Oyo",Oyo,8037127515,501,Lateef,Ibadan / Oyo
104673,Nebo Farms - Enugu,Enugu,Enugu,8033425309,3,Ian,Enugu
104677,Subuola Farms,"IsanyiOdoselu, Ijebu North West Local Government",Ogun State,8035534060,501,Lateef,Ogun State
104678,Eagle Feedmill,"Abeokuta Road, Lagos",lagos,7055877880,605,Dr. Abdulazeez Abiodun Oyetungi,Lagos
104679,F.M.S Farm,Ibadan Oyo State,Ibadan,8078640748,502,Ogundiran Elizabeth,Ibadan / Oyo
104681,Ezekiel Farm,Ilorin,Ilorin,8154925682,502,Ogundiran Elizabeth,Ilorin / Kwara
104682,Aliu Farm,Ilorin,Ilorin,8034780658,502,Ogundiran Elizabeth,Ilorin / Kwara
104688,Rufai Farms,FCT Abuja,Abuja,8186583251,4,Stephen,Abuja / FCT
104690,Kaybis Farms/ First Bank,"7, Kazeem Alasela Oluyole Ibadan",Ibadan,8033977197,2010,Dr Ajayi,Ibadan / Oyo
104692,Dandani Farm,"No 128,Airport Road Ughelli Delta State",Ugehelli,8032227933,311,Dr.Ogunwemimo Oluwole Leken,Ugehelli
104693,Barka Feedmill,Oko Erin Iorin,Ilorin,8039501000,502,Ogundiran Elizabeth,Ilorin / Kwara
104694,Dymota Agro Nigeria Ltd,No 10c Muritala Muhammed Way Kano,Kano,8033184907,4,Stephen,Kano
104695,Toyom Farms,Agbbowa Along Old Sagamu Road Ogun State,Ogun State,8102043886,605,Dr. Abdulazeez Abiodun Oyetungi,Ogun State
104696,Alpha Poultry,55 Abakaliki Road Emene Enugu State,Enugu,8034122436,3,Ian,Enugu
104697,Bibo Farms,Lagos Farm Estate Ikorodu Lagos,Lagos,8024117386,6,Mr Dayo,Lagos
104699,Gaid Silverstone Farms Ltd,Iyanomo Benin City,Benin City,"08099930340,",311,Dr.Ogunwemimo Oluwole Leken,Edo / Benin
104700,Agro Med Farms,Olomore Abeokuta Ogun State,Abeokuta,8100376068,503,Tope,Abeokuta
104703,Dan Modi Farms Ltd,"Along Tiga Road, Bebeji L.G.A Kano",Kano,8054371690,4,Stephen,Kano
104705,Macks Farm Nig Ltd,km 34 okene -lokoja road osara,Kogi State,8033643651,3,Ian,Kogi State
104706,Mobat Feeds Ltd,Idosoye Lusada Road Ogun State,Ogun State,8052078006,503,Tope,Ogun State
104707,RAB Farms,Iddo Road Along Eruwa Road,Ibadan,8055629544,513,Godwin Esenyie,Ibadan / Oyo
104708,His Oneness Feeds Limited,"Km 18, Iwo- Ibadan Road Iyana- Offa Opp Airforce",Oyo State,7033122833,503,Tope,Ibadan / Oyo
104709,Diamond Life,"Ajipaala Area, Behind NNPC Depot, Agbofieti Apata Ibadan",Ibadan,8053302936,5,Peter,Ibadan / Oyo
104710,Optimal,75. Alakute Alabole Road Ogun State,Ogun State,8033064898,503,Tope,Ogun State
104712,Chi Boys Feedmill,Abakaliki GRA Ebonyi State,Ebonyi State,8139440555,3,Ian,Ebonyi State
104713,Rhyss Farm,Farm Estate Ikorodu Lagos,Lagos,8036622690,605,Dr. Abdulazeez Abiodun Oyetungi,Lagos
104715,SES Farms,Ajah Lagos,Lagos,8188901523,605,Dr. Abdulazeez Abiodun Oyetungi,Lagos
104718,Hi - Nutrient,Ogba Ikeja Lagos,Lagos,8033226333,6,Mr Dayo,Lagos
104719,Orient Farms &Feedmill Ltd,Umuchu -Aguata Local Government Anambra State,Anambra State,8167173192,3,Ian,Anambra State
104721,Oloyan Nigeria Enterprises,Ibadan,Ibadan,8120167307,508,Mr.Adekunle Damilola,Ibadan / Oyo
104722,Olujobi Farms,Ibadan,Ibadan,8035694822,508,Mr.Adekunle Damilola,Ibadan / Oyo
104724,Pact Divine Farms Nigirya Ltd,"43, 7UP Road Oluyole Estate Ibadan",Ibadan,8033241040,501,Lateef,Ibadan / Oyo
104725,Fafait Farm,"KM 5, Pai Kwali Abuja",Abuja,8051656533,4,Stephen,Abuja / FCT
104727,Onas Farms,Ikorodu Lagos State,Ikorodu,80394664969,605,Dr. Abdulazeez Abiodun Oyetungi,Ikorodu
104728,Victory Life Stock Services,135 Uyo Umana Street Uyo Akwa Ibom State,Akwa Ibom State,8074050351,3,Ian,Akwa Ibom State
104729,Sefia Intergrated Company,"Ibadan, Oyo State",Ibadan,8033490829,5,Peter,Ibadan / Oyo
104730,Gamdor Feedmill,Iddo Road,Ibadan,8055506327,513,Godwin Esenyie,Ibadan / Oyo
104731,Frask Farm,Ilaro Oyo Town,Oyo State,8033633416,509,Folorunso Mark Eniola,Ibadan / Oyo
104732,Adedeji Farms,Owode Yewa Idiroko Ogun State,Ogun State,8066884274,503,Tope,Ogun State
104733,Steveroyal Farms,Iddo Local Government,Ibadan,8033040386,513,Godwin Esenyie,Ibadan / Oyo
104736,Zuma World Agro,Shop2&3 Asedam Ilorin Town,Ilorin,8066337340,512,Afolabi Michael Abolade,Ilorin / Kwara
104737,Eny Intergrated Farms,Uyo Akwa Ibom State,Uyo,8022105366,5,Peter,Uyo
104738,Lapaulfon Farms,Etim - Ekpo Akwa Ibom State,Akwa Ibom State,7080019663,3,Ian,Akwa Ibom State
104740,Eco Green Agro Chemicals Ltd,Ijebu- Ife,Ogun State,8038001533,5,Peter,Ogun State
104741,Bayo Oshungike,odo-arawa ijebu-ode epe road,ijebu ode,8023853188,501,Lateef,Ijebu Ode
104742,Toevet Farm,Emene Enugu,Enugu,8088271952,3,Ian,Enugu
104748,Champion Feedmill,Ikorodu Lagos State,Lagos State,8033213382,606,Oladeji Simon Olabisi,Lagos
104751,Ola Fish Farm Ijebu -Ode,Ijebu - Ode Ogun State,Ijebu - Ode,8075777691,501,Lateef,Ijebu - Ode
104753,Bimshin Farm,Abeokuta Express Way,Sagamu,8033690328,503,Tope,Sagamu
104755,Big Vision Farms And Agro Consulting,"5 Odogunyan, Farm Village Ikorodu, Lagos State",Lagos State,8023646802,606,Oladeji Simon Olabisi,Lagos
104756,Zeem Farm,Agbo - Oba Ilorin,Ilorin,8087426359,5,Peter,Ilorin / Kwara
104757,Fabis Farm,Agbo - Oba Ilorin,Ilorin,7052117404,502,Ogundiran Elizabeth,Ilorin / Kwara
104758,T.D.B. Farm,Ogbomoso Beside Mega Stationl,Ogbomosho,8102528620,512,Afolabi Michael Abolade,Ogbomosho
104760,Mopsy- Bio Farms,Omi- Adio Via Bakatari Apata Ibadan,Ibadan,8035150222,5,Peter,Ibadan / Oyo
104761,D'Bestline Farms,Tade Farm Omi- Adio Ibadan,Ibadan,8062282653,5,Peter,Ibadan / Oyo
104762,Toyom Hatchery,Ikorodu,Lagos,8102043886,606,Oladeji Simon Olabisi,Lagos
104763,Philip T Farm,Opposite Mopo Barrack Owo Express Way Oba Ile Akure,Ondo State,7030831120,501,Lateef,Ondo State
104764,EMA Treasure Island Integrated Ltd,Omi- Adio Apata badan,Ibadan,8037562312,501,Lateef,Ibadan / Oyo
104765,Farmwell Agro Ltd,Ring Road Beside Obasanjo Farms Ibadan,Ibadan,8035869627,605,Dr. Abdulazeez Abiodun Oyetungi,Ibadan / Oyo
104766,Albarka Poultry Farm,"173, Sabotiti Maini Road Kano",Kano,8037773780,407,Stephen Olushola,Kano
104767,Aba Zagge Farm,Hadejia Road Gunwawa Kano,Kano,8036237374,407,Stephen Olushola,Kano
104769,Best Feeds,Opposite Police Station Market Kaduna,Kaduna,8062901692,4,Stephen,Kaduna
104770,Ibrahim Maleec Farm,"Ijebu - Ode Abeokuta Road, Ogun State",Ijebu - Ode,8125393762,501,Lateef,Ijebu - Ode
104771,Blessed Feedmill,Agura,Ogun State,"07034486699,",503,Tope,Ogun State
104772,Orimole Poultry Farm,Ashipa Odofin Village,Ogun State,81093320,503,Tope,Ogun State
104773,Mutual Merit Intergrated,3 Alhaji Street Ijede Ikorodu Lagosl,Lagos,8023467818,6,Mr Dayo,Lagos
104774,Berachan Agrovet,Araga Farm Estate Ikorodu Lagos,Lagos,80029891250,6,Mr Dayo,Lagos
104777,Stooreg Global Concept,HOSPITAL ROAD AIYEGBAMI SODE SAGAMU OGUN STATE,SAGAMU,8039226688,503,Tope,Sagamu
104778,Raypharm Nig. Ltd,Benin City,Benin City,8033261475,3,Ian,Edo / Benin
104782,Amino Agro Farm,Buk Road Zitiri Kano Road,Kano,8031804009,407,Stephen Olushola,Kano
104784,Duado Intergrated Farm,"KM 4, Oleh Agbaraha Udere Ughelli Delta State",Ughelli,8176517755,311,Dr.Ogunwemimo Oluwole Leken,Delta State
104785,Ovo Farm,"Ogharada Off Onirigho Street, Ekiuabo Ughelli Delta State",Ughelli,8034476401,311,Dr.Ogunwemimo Oluwole Leken,Delta State
104786,Diamond Agro Vet Services,21 Ughelli Road Agbarha Otor Delta State,Delta,8076178687,3,Ian,Delta State
104787,Georach Farms,Elesho Bus stop Old Abeokuta Road,Ibadan,8186427437,5,Peter,Ibadan / Oyo
104788,Zarm Poultry And Feedmill Ltd,"Plot 407&408 Odonla Industrial Estate Ikorodu , Lagos",Lagos,8176106073,606,Oladeji Simon Olabisi,Lagos
104789,Farm Fresh Foods Ltd,"NNPC Gas Pipeline Gberigbe, Ikorodu Lagos",Lagos,8063031555,606,Oladeji Simon Olabisi,Lagos
104791,A.B.Ventures,No 1 Olatain Street Airport Road Ilorin,Ilorin,8062608052,512,Afolabi Michael Abolade,Ilorin / Kwara
104792,Honey Drops Feeds,"NO 172, Opposite Rock Feild Filling Station , Odota",Ilorin,8036197016,512,Afolabi Michael Abolade,Ilorin / Kwara
104793,Tambolyn Farms,"Tambolyn Farms Ltd, Opposite Atlantic International",Lagos,8026368090,605,Dr. Abdulazeez Abiodun Oyetungi,Lagos
104794,Leke Farm,"OWODE Yewa , Idiroko Ogun State",Ogun State,7037494770,503,Tope,Ogun State
104795,Oluwadolapo Feedmill,Offa Garage Ilorin Town,Ilorin,9027527584,502,Ogundiran Elizabeth,Ilorin / Kwara
104796,De Farm Hatchery,"Itamaga Ijede Road Ikorodu, Lagos",Lagos,8023066661,6,Mr Dayo,Lagos
104797,Toshat Nigeria Ltd,"5-Charis Marfins Way, Gbaga Busstop , Off Ijede Road",Lagos,7032380812,606,Oladeji Simon Olabisi,Lagos
104798,Tosed Farms,"House 3, Farm Setlement , Sagam Road Odoganyan Ikorodu",Lagos,802363687932,6,Mr Dayo,Lagos
104799,B&k Dynamic Ventures,"New Market, Odogunyan Fish Farm Estate Lagos",Lagos,80380605939,605,Dr. Abdulazeez Abiodun Oyetungi,Lagos
104800,Nifemirs Farms,3,Lagos,8023646802,605,Dr. Abdulazeez Abiodun Oyetungi,Lagos
104803,King Size Feedmill,Onuiyi Link Road Nsukka,Nsukka,8032762613,322,Kingsley Ikenna,Enugu
104804,Maken Farm,Owode - Idiroko Ogun State,Ogun State,8100241812,503,Tope,Ogun State
104805,Kruzeno Farms,"9th Mile,Etiti Ngwo, Enugu State",Enugu,8067333581,3,Ian,Enugu
104807,Chime Agro Farms,Beside Road Safety Academy Enugu,Enugu State,8066900527,3,Ian,Enugu
104808,Emperor Farms,"Second Gate Busstop Owode Apata, Ibadanl",Ibadan,8063690186,501,Lateef,Ibadan / Oyo
104809,Dahmos Farm,Kuje Abuja State,Abuja,9096789776,412,Eniolorunda Seun Emmanuel,Abuja / FCT
104811,Onosekere -Vwe Agro Ventures Ltd,"No6, Ejeveta Street Ughelli Delta State",Delta State,8076692244,311,Dr.Ogunwemimo Oluwole Leken,Delta State
104813,Xazier Farm,Ilorin Town,Ilorin,8098940099,502,Ogundiran Elizabeth,Ilorin / Kwara
104815,Top Notch concept,"NO 1 , Paz Asala Road Enugu",Enugu,8066478880,3,Ian,Enugu
104816,Animal Health Department,"University Of Nigeria Nsukka, Enugu State",Enugu,8054871461,3,Ian,Enugu
104817,Ozzi Poultry Farm,"Etiti Ngwo, Enugu, State",Enugu,8033557599,3,Ian,Enugu
104818,Emmad Farm,Agbole Vilage Ibadan,Ibadan,8130000401,509,Folorunso Mark Eniola,Ibadan / Oyo
104819,Aquims Farm,"Apete, Ibadan",Ibadan,8023294394,509,Folorunso Mark Eniola,Ibadan / Oyo
104824,Abdulraham Farm,"Kwanar Tsamiyya, Panisau Ungogo LGA Kano Statel",Kano,8033468449,407,Stephen Olushola,Kano
104826,Cascada Investment Coy. Ltd,"2, Oueens Elizabeth Road, Mokola Ibadan",Ibadan,8062272333,5,Peter,Ibadan / Oyo
104827,Profundis Farms,Owode Egba Road,Ogun State,8034789399,503,Tope,Ogun State
104831,Funziek Group Of Farms,Ibogun (Ifor Axis)Ogun State,Ogun State,8038634111,6,Mr Dayo,Ogun State
104832,Kasrab Farm,"Kujama, Main Market, Kachina RD Kaduna State",Kaduna State,8066661411,4,Stephen,Kaduna
104833,Sanusi Intergrated Farm,"KM4,Sokoto Road, Funtua, Katsina State",Katsina,8129145563,407,Stephen Olushola,Katsina
104834,Dahamas Enterprise Limited,"Odo - Ona Kekere, Mafuye Feedmill Ibadan",Ibadan,8051843049,501,Lateef,Ibadan / Oyo
104835,May 1 Farm,Ola Adura Villa OlomoApete Ibadan,Ibadan,8059730728,2000,Raji,Ibadan / Oyo
104836,Fortune Feedmill,"Olodo Area, Ibadan Oyo State",Oyo State,8034016082,512,Afolabi Michael Abolade,Ibadan / Oyo
104837,Rickma Farm,"Km,65, Ibra Village , Kachia Road Kaduna",Kaduna,8037867804,4,Stephen,Kaduna
104839,Miramar Farms,"ErekitiVillage , Badagry Local Government",Lagos State,8033066889,605,Dr. Abdulazeez Abiodun Oyetungi,Lagos
104842,Dare Esan Farms,"Mowe, Ibafo Ogun State",Ogun State,813436889,605,Dr. Abdulazeez Abiodun Oyetungi,Ogun State
104843,A.C.E Feeds,"Olaogun Street, New Gbagi Alakia Airport Road Ibadan",Ibadan,8033506514,502,Ogundiran Elizabeth,Ibadan / Oyo
104844,Blacky Farms,"Ewherhe Village Agbarho , Delta State",Delta State,8111217419,311,Dr.Ogunwemimo Oluwole Leken,Delta State
104845,Elizabeth Farm,Saw Mill Old Ife Road Ibadan,Ibadan,8026891871,502,Ogundiran Elizabeth,Ibadan / Oyo
104846,Ikunlugan Farms,"28, Transformer Street, Agudama, Yenogoa Bayelsa State",Bayelsa State,8065051779,311,Dr.Ogunwemimo Oluwole Leken,Bayelsa State
104852,Jamilaville Farms Ltd,"Km6, Lapai Gwari Rd. Brigi Minna Niger State",Niger State,909256806,4,Stephen,Niger State
104853,Muyad Ventures,"190, Oyemekun, Road Akure",Ondo State,8188421790,509,Folorunso Mark Eniola,Ondo State
104855,Fem Jay Farm,"Aiyetoro Road, Olounda , Abeokuta Ogun State",Abeokuta,8151267538,2040,Oluwole,Abeokuta
104859,Standard Hatchery Nig. Ltd,Idomila Road Ijebu- Ode,Ogun State,8055531756,6,Mr Dayo,Ogun State
104860,B &G Distributor,"NO 19,Asadam Ilorin",Ilorin,8034182374,512,Afolabi Michael Abolade,Ilorin / Kwara
104861,BB Farms Ltd,Yelwa Maraba Nassarawa,Nasarrawa State,703927911,4,Stephen,Nasarrawa State
104863,Alcom Royal Investments Limited,Beside Ladigbolu Grammar SchoolOyo,Oyo Town,8033934589,2000,Raji,Ibadan / Oyo
104864,IBK Farm,Amuludun Okeloro Omi- Adio Ibadan,Ibadan,8121194546,501,Lateef,Ibadan / Oyo
104865,Success Gold Farms Nig. Ltd,"AgoroFish Farms Settlement, Ikangba Odogbolu Road Local",Ogun State,7016556870,6,Mr Dayo,Ogun State
104866,Malabe Farms,Bwari Area Council FCT Abuja,Abuja,8028506254,4,Stephen,Abuja / FCT
104867,Rosaldet Feedmill,Ilora Oyo town,Oyo State,8033035006,501,Lateef,Ibadan / Oyo
104868,Okpako Vision Limited,"NO 24, Olori Street Ughelli Delta State",Delta State,8053239593,311,Dr.Ogunwemimo Oluwole Leken,Delta State
104869,Songhai Farm,Ebonyi Abakaliki,Abakaliki,8174264220,3,Ian,Abakaliki
104871,Candor Foods,"Enilobo Bus stop, Giwa Oke Aro Road Ogun Statel",Ogun State,7098728601,6,Mr Dayo,Ogun State
104872,Dodsans Farm,Plot 4-6 Oluyole Extension Inu- Olaji Sharp Corner Ibadan,Ibadan,8034105826,508,Mr.Adekunle Damilola,Ibadan / Oyo
104873,Ajibola Distributor,Offa Garage Road Ilorin,Ilorin,8177127326,502,Ogundiran Elizabeth,Ilorin / Kwara
104874,Ascot Farms,Ogijo Shagam Road Ogun Statel,Ogun State,8027773259,5,Peter,Ogun State
104876,Consolation Feedmill,Ilora Oyo Town,Oyo State,8035773372,509,Folorunso Mark Eniola,Ibadan / Oyo
104877,Ore-Ofe Farm,"Km 2, Folawiyo Farm Road Ilora Oyo Town",Oyo State,8030417186,5,Peter,Ibadan / Oyo
104878,Songhai Group Kastina Branch,Katsina State,Kastina State,8181808717,3,Ian,Kastina State
104879,Ofil Farms,"Ikot Ekpene, Akwa Ibom State",Akwa Ibom State,8035979716,3,Ian,Akwa Ibom State
104880,Emakpo Farms Ltd,Emakpo Filling Station Ughelli Patani Road Ughelli,Delta State,8037567494,311,Dr.Ogunwemimo Oluwole Leken,Delta State
104881,Uniglobal Farms Ltd,"KM3, Old Agbor Road Ebhoiyi Uromi Edo State",Edo State,7038978050,311,Dr.Ogunwemimo Oluwole Leken,Edo / Benin
104882,Uniglobe Farms Ltd,"LM 3, Agbor Road, Ebhoiyi Uromi Edo State",Edo State,8036066539,311,Dr.Ogunwemimo Oluwole Leken,Edo / Benin
104883,Frontline Farms,Iroko Capital Frontline Farms Limited Ado-odo Badagry,Badagry,12932434,503,Tope,Badagry
104884,Rio Hondo Spread Limited,Barkallahu(OppositeNTTI) 1.5KM Kaduna -Zria Road,Kaduna,9093582389,406,Dr.Ize Okeji,Kaduna
104885,Okwuokwu Rehoboth,Enugu,Enugu State,9092183151,3,Ian,Enugu
104886,Gunner Farm,Gwagwalada Abuja,Abuja,8032515711,4,Stephen,Abuja / FCT
104887,Allet Fisheries,Kadu Fish Market Abuja,Abuja,8052240401,409,Basol Musa,Abuja / FCT
104888,Agro Ventures,"Stadium Road, Opposite 1st P.A Water Depot Ughelli Delta",Delta State,7031514475,3,Ian,Delta State
104890,Able Beam Solution,"1, Odunukwe Junction Opp Federal Medical Center Enugu/",Abakaliki Ebonyi State,8033700002,3,Ian,Abakaliki Ebonyi State
104891,Pro - Choice Farm,"Izompe Village , Owerri Imo State",Imo State,8038276485,3,Ian,Imo State
104892,Rehoboth Feeds,Sokoto Road Samaru Zaria,Zaria,7061506575,406,Dr.Ize Okeji,Kaduna
104893,Lyd Christ Leading Farm,Umugama Village Umuchu Aguta LGA Anambra,Anambra State,8066754416,3,Ian,Anambra State
104894,Zhihwi Farms,Imo Along Sagamu- Abeokuta Road Ogun State,Ogun State,8039718816,503,Tope,Ogun State
104895,Nuga Farms,Ode Lemo Road Sagamu Ogun State,Ogun State,8032512454,503,Tope,Ogun State
104896,Isreal Farm,"58, Upagba Street Ughelli Delta State",Delta State,8037107234,5,Peter,Delta State
104898,Svishtov Ventures Ltd,Maraban Guga Shika Road Zaria,Zaria,9095999374,406,Dr.Ize Okeji,Kaduna
104900,Shehu Mohammed Farm,Mandawari Sabontiti Kano,Kano,7036269306,407,Stephen Olushola,Kano
104903,Grace Farms,Folawiyo Road Ilaro Oyo Town,Oyo State,7032049580,509,Folorunso Mark Eniola,Ibadan / Oyo
104904,VICTOR FALANA,274/276 Gada Tambarawa Local Government Kano,Kano State,8033720571,407,Stephen Olushola,Kano
104906,Divine Poultry Farm,Old Oyo Road Off Oojo Road OgunrantiVillage Akinyele,Ibadan,8066071731,512,Afolabi Michael Abolade,Ibadan / Oyo
104908,SIGMAH VETERINARY SERVICES,SUITE 27 OKANGA PLAZA KUJE,KUJE,8033101943,4,Stephen,Kuje
104910,Emman-Olat Nig Enterprise,Isaki Erigo Road Oke Lifon Odopotu Via Ijebu- Ode Ogun,Ogun State,8056615816,501,Lateef,Ogun State
104911,Vimalaco Farms,"Bala Musa Street , Behind ST.Steven's Anglican Church",Zaria,8093973686,406,Dr.Ize Okeji,Kaduna
104913,Temilayo Enterprises,"M/10 Ojudu Lane Off Cinema Road, Batoro Shagam",Ogun State,8128940048,503,Tope,Ogun State
104914,Ronich Feeds &Farms Ltd,"Km 12, Benin- Sapele Road Beside Jakana Feedmill Benin",Benin,7035060903,311,Dr.Ogunwemimo Oluwole Leken,Edo / Benin
104916,Tijman Limited,Hadejia Road Ajacent Customs Army Baracks Kano,Kano,8037544312,407,Stephen Olushola,Kano
104918,Bitmas Farm,Along Jos Road Zaria,Zaria,8062703192,406,Dr.Ize Okeji,Kaduna
104919,AL FAID AGRO,Bauchi State,Bauchi Sate,8095033026,407,Stephen Olushola,Bauchi Sate
104920,Faith Agro General Services,Bauchi State,Bauchi State,8023757278,407,Stephen Olushola,Bauchi State
104921,Gloryvet Ventures,No1 Adeleke Junction Olope Marun Ogbomosho South Local,Ogbomosho,8036623154,509,Folorunso Mark Eniola,Ogbomosho
104923,Ella& Jordan Farm,Green Area Adjacent Julius Berger Compound By Games,Abuja,8036580777,4,Stephen,Abuja / FCT
104925,Odalije Farms,Hilltop Ngwo Enugu,Enugu,8033222448,3,Ian,Enugu
104928,Shobowale Farm,"Atan - Igbesa Road, Owode Yewa Ogun State",Ogun State,8033269193,503,Tope,Ogun State
104929,Emmanuel Enterprises,"No, 58, Felly Akruwa Street, Ago Ojota Lagos",Lagos,9031175759,6,Mr Dayo,Lagos
104930,Movet Farm,Sobe Street Idi Oro Ogbomosho,Ogbomosho,8033999164,5,Peter,Ogbomosho
104931,Acumen Farms,"Km 94, Onigari Bus-stop, Lagos Ibadan Expressway Behind",Lagos,7034013613,605,Dr. Abdulazeez Abiodun Oyetungi,Lagos
104932,Rebson Agric Enterprises,Along Sokoto Road Near Funtua Garage Samaru Zaria,Zaria,8054566092,406,Dr.Ize Okeji,Kaduna
104933,Courage Chicks Farm Enterprises,"Km39, Ijaye Iseyin Road Ibadan Oyo State",Oyo State,8055168907,501,Lateef,Ibadan / Oyo
104934,Vision Farms,Nike Enugu State,Enugu State,8034723345,3,Ian,Enugu
104935,Sunseed nig ltd,Along Jos Road Zaria,Zaria,7019980267,406,Dr.Ize Okeji,Kaduna
104936,Fame Feeds,Orlu Local Government Imo State,Imo State,8034158987,3,Ian,Imo State
104937,Okeke Farm,"No16, Babalakin Lane Off Fatima Street Odo -Ona Apata",Ibadan,8051526363,508,Mr.Adekunle Damilola,Ibadan / Oyo
104940,Jo Daniels Farms Limited,"Olutoriola Farms, Itoro Road, Modakeke, Ife Road Osun",oyo state,8074355286,509,Folorunso Mark Eniola,Ibadan / Oyo
104942,Ceekings Farm Feedmill Enterprise,"Off Christian Hospital Road, Egbu- Owerri Imo State",Imo State,8033191793,3,Ian,Imo State
104943,Amak Farm,Sanuaje Area Ogbomosho Oyo State,Ogbomosho,8033843789,509,Folorunso Mark Eniola,Ogbomosho
104944,Labana Farm,Aleiro Kebbi State,Kebbi State,8068939532,407,Stephen Olushola,Kebbi State
104946,Extra Feed,"No32, Lake Nwabere Street, Owerri",Imo State,8033259810,3,Ian,Imo State
104947,Chickenpat Agrovet Services,"NO 73, Akintola Road Sapele Delta State",Delta State,701249326,3,Ian,Delta State
104949,Mushmin Farm Ltd,Kutungare Airport Road Kaduna,Kaduna,8036232076,406,Dr.Ize Okeji,Kaduna
104950,Aminu Yuguda Farms,Juke Abuja State,Abuja State,8060374732,4,Stephen,Abuja / FCT
104951,A & T Farm,Behind Rainbow Feedmill Sapele Delta State,Delta State,8033974386,311,Dr.Ogunwemimo Oluwole Leken,Delta State
104952,Adeda Farm,"23, Uduophori Opposite Eco Bank St. Otovwodo Ughelli",Delta State,8052866585,311,Dr.Ogunwemimo Oluwole Leken,Delta State
104955,Alan Agro Farms,"Km 45, Adesiba Filling Station Owode Idiroko Ogun State",Ogun State,8070706901,5,Peter,Ogun State
104957,Lanchak Coy,Abiola Way Abeokuta Ogun State,Ogun State,8063684886,501,Lateef,Ogun State
104962,Temitope Feedmill,Odutola Street Ijebu- Ode Ogun State,Ogun State,8033264453,501,Lateef,Ogun State
104967,SOB Global Concept Ltd,Besides Alaanukitan Filling Station Lagos Road Alagbon,Ogun State,8023222361,5,Peter,Ogun State
104968,U.O.O Farms,Aba Express Road Abia State,Abia State,8055855915,322,Kingsley Ikenna,Abia State
104969,Celmark Farm,"Ikot Ekpene, Akwa Ibom State",Akwa Ibom State,7084833400,3,Ian,Akwa Ibom State
104970,Ashbel Farms Ltd,Yanshana Kumbotso Kano State,Kano State,8093866832,407,Stephen Olushola,Kano
104971,Agric Plus,"No26, Yohana Street Sabo Kaduna State",Kaduna State,8021233230,406,Dr.Ize Okeji,Kaduna
104973,Biacom Agro,Sagamu Ogun State,Shagam Ogun State,7011111151,503,Tope,Ogun State
104974,Olatunji Farms,Ikenne Ijebu Ogun State,Ogun State,8030533779,503,Tope,Ogun State
104975,B. S Farm,Ikangba Odogbolu Ijebu- Ode,Ogun State,8022818843,501,Lateef,Ogun State
104977,Namu Farms,"111, Zhewun, Masaka Nassarrawa State",Nassarrawa State,8023450793,4080,Mr.Ebuga Davide Abdul Malik,Nassarrawa State
104978,Lalie Farm,Yanshana Kano Kano State,Kano State,9098159229,407,Stephen Olushola,Kano
104979,David Farm& Feedmill,Gbongan Town Osun State,Osun State,803345066,509,Folorunso Mark Eniola,Osun State
104980,Agro Enterprises Feedmill,"No40, Kasuwan Mango Opposite NTA Zaria",Zaria State,8136392151,406,Dr.Ize Okeji,Kaduna
104981,Asko Feedmill,Ologuneru Road Eleyele Ibadan,Ibadan,8024824349,501,Lateef,Ibadan / Oyo
104982,Nifolk Farm Nig Ltd,Nifolk Farm Nig Ltd Bwari Junction Sabon Wuse Niger State,Niger State,8034502175,4,Stephen,Niger State
104983,B.Yusuf Poultry Farm,Funtua Kastina State,Kastina State,9061335228,407,Stephen Olushola,Kastina State
104985,RUFAI FARM,BAKURA ZAMFARA STATE,ZAMFARA STATE,8065303056,407,Stephen Olushola,Zamfara State
104987,Fiyin Foluwa Feedmill,Olorunda Road Akobo Ojurin Ibadan,Ibadan,8039428925,5,Peter,Ibadan / Oyo
104988,His Grace Farm,"Pakit i Junction , Olorunda Ibadan",Ibadan,8066377766,509,Folorunso Mark Eniola,Ibadan / Oyo
104989,Wonderful Springboard Farm,Pakiti Road Olorunda Ibadan,Ibadan,8105800396,5,Peter,Ibadan / Oyo
104991,Bukola Olaoluwa Farms,"Pakiti Junction, Olorunda Ibadan",Ibadan,8056701806,5,Peter,Ibadan / Oyo
104992,Milky Way Project &Resources Ltd,Mary Plaza Akobo Ojurin Ibadan,Ibadan,8038574292,5,Peter,Ibadan / Oyo
104993,Valentine Chicken,"safeniforo, shonghai Village Ilorin",Ilorin,8075949084,512,Afolabi Michael Abolade,Ilorin / Kwara
104995,Jappa Synergy Ltd.,"Km 36 MM Way, Beside MTN Office Benin City",Benin,8176559527,3,Ian,Edo / Benin
104996,Olumide Farms,"CM Road Plot 17, Sotubo Sagamu Ogun State",Ogun State,8020564554,503,Tope,Ogun State
104997,James Ben Fish,Lagos,Lagos,8085170975,6,Mr Dayo,Lagos
